Date,App Referrer Impressions,App Store Browse Impressions,App Store Search Impressions,Unavailable Impressions,Web Referrer Impressions,App Referrer App Units,App Store Browse App Units,App Store Search App Units,Unavailable App Units,Web Referrer App Units
4/15/2017,4333,95458,24877,0,5290,827,363,4290,42,1915
4/16/2017,4490,89147,24555,0,4877,863,403,4093,25,1838
4/17/2017,5347,89628,27073,0,7217,1052,363,4783,43,2643
4/18/2017,4740,91558,29643,0,7478,1047,430,5440,38,2765
4/19/2017,5422,92908,30597,0,7802,1132,442,5573,43,2820
4/20/2017,4490,87415,28633,0,7803,892,367,5257,28,2872
4/21/2017,4445,87337,27923,0,7640,813,313,5130,42,2663
4/22/2017,5107,93902,29303,0,7768,1040,375,5335,45,2755
4/23/2017,5725,95815,33323,0,9475,1023,482,5917,23,3482
4/24/2017,6207,88877,29430,0,8170,972,368,5157,17,2962
4/25/2017,5148,87908,26027,0,6580,867,343,4277,30,2370
4/26/2017,3415,86388,21910,0,4022,785,335,3660,35,1525
4/27/2017,2883,86695,22587,0,3928,655,348,3745,23,1533
4/28/2017,2738,84438,21787,0,4138,607,343,3498,15,1590
4/29/2017,4078,89658,25352,0,4027,868,333,4290,32,1558
4/30/2017,4013,95252,28068,0,4525,878,430,4748,28,1922
5/1/2017,2050,89712,23940,0,4227,495,395,4177,20,1705
5/2/2017,2390,86408,22235,0,3900,347,342,3643,22,1500
5/3/2017,3098,86875,21632,0,3647,543,313,3580,28,1460
5/4/2017,3632,854033,22532,0,3933,675,520,3777,40,1497
5/5/2017,13043,2709798,49018,0,10877,2170,905,11903,40,3952
5/6/2017,5868,2974347,48852,0,5460,1088,1047,6965,30,2015
5/7/2017,5308,2908272,27420,0,4608,1087,1112,4502,27,1928
5/8/2017,4098,2467053,23088,0,3927,748,960,3913,33,1648
5/9/2017,4045,2466102,21692,0,3772,782,935,3547,20,1578
5/10/2017,3303,2434788,22308,0,3753,650,842,3883,203,1513
5/11/2017,3258,1639338,21437,0,3893,552,598,3630,855,1492
5/12/2017,3357,99502,22348,0,4115,817,315,3478,93,1577
5/13/2017,3762,92027,26642,0,4620,800,347,4045,63,1730
5/14/2017,4025,89042,27803,0,4760,822,362,4155,55,1803
5/15/2017,4507,84898,25087,0,4473,813,308,3735,52,1762
5/16/2017,4212,85790,24418,0,4150,988,305,3543,30,1552
5/17/2017,3873,85205,23732,0,3890,820,293,3418,35,1578
5/18/2017,3078,84212,24065,0,3812,717,258,3318,15,1448
5/19/2017,2325,85025,28332,0,3997,457,317,3335,33,1577
5/20/2017,2157,90108,25758,0,3580,478,390,3713,37,1423
5/21/2017,2717,92220,29072,0,4565,573,390,4367,43,1898
5/22/2017,3102,87015,25955,0,4148,638,408,3877,38,1687
5/23/2017,3825,86485,24958,0,3887,727,340,3697,32,1563
5/24/2017,4953,88117,25243,0,3808,1078,328,3700,42,1440
5/25/2017,4365,85703,26083,0,4330,907,355,3558,42,1607
5/26/2017,5335,86968,24915,0,4683,1020,323,3607,45,1762
5/27/2017,4508,87672,26727,0,4413,967,353,3848,30,1672
5/28/2017,5650,87807,42542,0,4340,1100,360,7840,40,1735
5/29/2017,5560,91840,36763,0,4533,663,397,6343,32,1945
5/30/2017,5472,90158,52475,0,3640,512,323,4705,23,1557
5/31/2017,3872,88900,45962,0,3473,365,335,3917,32,1487
6/1/2017,2870,87040,26368,0,3268,670,353,3803,42,1442
6/2/2017,4133,86265,27850,0,3240,1090,295,3728,27,1377
6/3/2017,3878,89742,27493,0,2910,1060,320,3888,32,1242
6/4/2017,4157,93307,30995,0,4370,1072,357,4155,48,1813
6/5/2017,3847,94297,29895,0,4262,958,407,4253,107,1735
6/6/2017,4698,97540,29268,0,4485,785,372,4135,385,1723
6/7/2017,5333,92472,30755,0,5633,675,375,4307,150,2195
6/8/2017,5518,87727,30845,0,4532,593,302,3842,78,1733
6/9/2017,4900,88050,26032,0,3997,630,315,3655,95,1550
6/10/2017,4345,91182,26835,0,3770,525,343,3862,97,1482
6/11/2017,5238,90760,30138,0,3827,722,335,3932,70,1595
6/12/2017,4375,89275,32120,0,4613,763,412,4275,98,2000
6/13/2017,5532,90762,29388,0,3980,972,395,4160,80,1713
6/14/2017,5258,89280,30957,0,3597,967,405,3977,75,1605
6/15/2017,5908,90127,33505,0,3973,908,398,5603,82,1747
6/16/2017,13275,92248,31143,0,4242,583,340,4662,68,1863
6/17/2017,12890,92638,32323,0,3883,485,357,4485,68,1643
6/18/2017,8908,92133,30658,0,3613,505,360,4155,55,1580
6/19/2017,14195,113347,41730,0,32233,1155,468,7950,65,15600
6/20/2017,11498,300993,43865,0,11510,675,798,6352,80,5272
6/21/2017,8813,93855,35825,0,5580,660,392,5362,58,2285
6/22/2017,8157,93712,36248,0,6365,735,447,5360,82,2742
6/23/2017,7698,93592,35040,0,4623,672,415,5028,77,2050
6/24/2017,4968,93475,30457,0,3393,692,387,4295,47,1538
6/25/2017,4578,92065,33270,0,3665,662,337,4268,57,1642
6/26/2017,5375,88518,33133,0,3595,702,352,4530,80,1657
6/27/2017,6370,90935,34257,0,3603,937,438,5060,72,1648
6/28/2017,5687,91472,33080,0,3930,875,388,4715,57,1658
6/29/2017,9045,91142,34047,0,3940,865,425,4672,98,1648
6/30/2017,9752,91433,32872,0,3537,965,408,4402,63,1460
7/1/2017,14050,93213,34845,0,3252,970,422,4043,73,1482
7/2/2017,6333,89725,31787,0,4485,662,380,4097,70,1870
7/3/2017,5492,87947,32970,0,3757,518,347,4077,75,1657
7/4/2017,5360,90560,30432,0,3335,515,363,3742,68,1328
7/5/2017,4402,86393,32695,0,3550,502,333,4022,78,1467
7/6/2017,4808,94787,38832,0,4167,518,360,4837,115,1790
7/7/2017,4907,97618,39177,0,5158,525,493,4890,58,2098
7/8/2017,4415,96152,36598,0,4302,525,402,4428,25,1808
7/9/2017,3633,93268,34865,0,4055,537,435,4317,27,1728
7/10/2017,5777,90707,36378,0,4152,1127,453,4748,53,1757
7/11/2017,5562,91617,36678,0,4107,1083,430,4657,45,1752
7/12/2017,5043,92978,37675,0,4225,1127,403,4845,43,1797
7/13/2017,4967,93773,38750,0,4247,970,432,4725,42,1740
7/14/2017,2818,94827,40960,0,4252,540,477,5043,32,1918
7/15/2017,2982,95460,38180,0,4100,502,457,4520,35,1833
7/16/2017,2877,94020,35743,0,4057,563,447,4432,22,1717
7/17/2017,3005,94240,55855,0,4477,563,528,5278,213,1933
7/18/2017,1652,95905,59232,0,4493,257,458,5080,600,1902
7/19/2017,1855,96148,41995,0,4118,287,443,4633,77,1728
7/20/2017,1705,94605,39210,0,3980,245,463,4705,60,1763
7/21/2017,1688,93407,38958,0,3708,223,467,4498,33,1670
7/22/2017,1468,95333,37653,0,3415,250,420,4315,62,1597
7/23/2017,1645,95535,38470,0,4158,285,437,4462,57,1818
7/24/2017,1598,94095,40757,0,3622,277,498,4895,33,1698
7/25/2017,1710,95710,45238,0,3900,287,493,5277,43,1702
7/26/2017,1835,94933,40588,0,3757,280,558,4748,38,1675
7/27/2017,1698,91917,37677,0,3707,292,462,4568,37,1630
7/28/2017,1830,94932,39405,0,4377,272,453,4832,47,1907
7/29/2017,1630,96705,37393,0,4463,258,343,4743,55,2005
7/30/2017,1673,96177,38660,0,4687,280,353,4748,60,2112
7/31/2017,1653,93567,40955,0,4555,250,447,4923,48,2128
8/1/2017,3245,98082,41007,0,4792,305,422,4877,58,2073
8/2/2017,1848,96802,40875,0,5178,230,388,5180,70,2248
8/3/2017,1518,87465,36555,0,4473,252,313,4840,67,1843
8/4/2017,1725,82523,37982,0,4852,247,265,4830,68,1982
8/5/2017,1532,83712,38157,0,4388,257,303,4538,40,1777
8/6/2017,1483,83310,34215,0,4245,230,242,4527,50,1808
8/7/2017,1433,81275,37055,0,4095,243,315,4837,68,1710
8/8/2017,1543,82263,37640,0,4337,273,293,4828,48,1802
8/9/2017,1488,80388,36125,0,4645,243,290,4713,38,1983
8/10/2017,2645,80182,67513,0,5987,435,312,13930,88,2772
8/11/2017,2268,81380,62643,0,5187,370,303,9277,57,2382
8/12/2017,2032,83237,43087,0,5213,292,330,6060,60,2275
8/13/2017,1938,83087,38200,0,4925,348,278,5610,75,2265
8/14/2017,1442,78182,36052,0,4035,243,280,4705,53,1873
8/15/2017,1668,82397,35490,0,4287,258,283,4738,40,1953
8/16/2017,1700,79545,34000,0,4065,257,270,4728,55,1852
8/17/2017,1923,78573,36813,0,4158,272,288,5047,40,1917
8/18/2017,1863,79717,37602,0,4365,297,237,4613,42,1847
8/19/2017,2078,81325,34788,0,4710,260,228,4745,55,2032
8/20/2017,1922,81107,30157,0,4973,277,273,4797,43,2187
8/21/2017,1403,73468,28597,0,3835,218,232,3975,27,1697
8/22/2017,1197,76955,29155,0,3425,218,265,3913,23,1412
8/23/2017,1293,77640,33377,0,4250,240,268,4443,33,1970
8/24/2017,1773,79747,37273,0,5915,278,220,4967,22,2415
8/25/2017,1600,73858,35760,0,4977,302,223,4798,678,2087
8/26/2017,1567,77382,37598,0,3968,237,257,4493,222,1680
8/27/2017,1527,75558,39798,0,3872,265,268,4528,60,1670
8/28/2017,1493,74685,36293,0,3590,240,292,4102,50,1595
8/29/2017,1510,75610,39548,0,3438,243,237,4290,38,1390
8/30/2017,1718,75743,38318,0,3308,275,257,4327,32,1457
8/31/2017,1730,74675,37595,0,3688,237,262,4088,32,1448
9/1/2017,1477,74865,36642,0,4285,222,227,4333,35,1733
9/2/2017,1637,78630,41058,0,4198,285,287,4765,47,1777
9/3/2017,1645,81025,43340,0,3977,298,315,5080,43,1705
9/4/2017,1597,81423,46618,0,3942,270,330,5355,27,1788
9/5/2017,1388,73775,37267,0,3445,268,242,4167,20,1447
9/6/2017,1535,71638,35570,0,4205,282,228,4075,23,1763
9/7/2017,1773,70925,34805,0,5280,318,233,4043,20,2032
9/8/2017,4033,70695,42047,0,11617,585,245,6023,25,4337
9/9/2017,2730,72755,45460,0,4710,438,273,6213,30,2063
9/10/2017,2520,72878,48480,0,5970,397,342,6993,32,2697
9/11/2017,1950,68335,39478,0,4668,305,302,5322,23,2137
9/12/2017,1935,72647,37825,0,4575,283,283,5160,8,2085
9/13/2017,2082,77930,40672,0,5518,348,285,5323,17,2598
9/14/2017,2138,75743,41277,0,5132,322,240,5602,30,2533
9/15/2017,2357,77783,40155,0,5123,393,343,5553,32,2313
9/16/2017,2775,80880,43310,0,5323,622,303,6240,35,2523
9/17/2017,2518,81842,47600,0,5987,408,363,6747,27,2813
9/18/2017,2528,75802,48710,0,5783,392,327,6057,23,2717
9/19/2017,2055,78167,39717,0,4918,370,323,5212,22,2323
9/20/2017,2005,82160,40957,0,4208,315,403,4960,13,1945
9/21/2017,2150,77147,37565,0,4008,333,357,4843,22,1753
9/22/2017,2303,74855,38583,0,4353,393,365,5203,120,1850
9/23/2017,2500,80193,48645,0,4680,412,463,5985,527,1952
9/24/2017,2662,76213,47807,0,5532,390,490,6533,212,2255
9/25/2017,2070,68357,39147,0,5235,353,392,5515,168,2002
9/26/2017,2332,66350,40460,0,5015,410,397,6333,85,2027
9/27/2017,2057,64725,36622,0,4280,320,352,5322,52,1777
9/28/2017,2085,63143,35633,0,4515,338,325,5003,77,1830
9/29/2017,2028,65708,37962,0,4192,318,390,4895,248,1668
9/30/2017,1958,68953,44028,0,4705,333,473,5428,135,1962
10/1/2017,2345,68248,50820,0,5207,388,510,6542,72,2218
10/2/2017,2790,60622,39965,0,4238,540,462,5143,47,1800
10/3/2017,4457,59132,38690,0,4245,685,420,4612,43,1703
10/4/2017,4615,59215,39068,0,4773,787,413,4760,52,1838
10/5/2017,4335,57425,37712,0,4333,713,433,4575,50,1758
10/6/2017,4558,57565,38615,0,4035,700,372,4583,45,1625
10/7/2017,4915,63100,47103,0,4578,800,450,5613,43,1770
10/8/2017,5285,63793,51363,0,5008,840,495,6297,47,2132
10/9/2017,4667,62452,46493,0,4717,773,450,5720,48,1917
10/10/2017,3893,58567,42522,0,4105,688,402,5072,32,1727
10/11/2017,3830,54820,37108,0,4295,608,383,4738,43,1662
10/12/2017,4187,52472,38793,0,3910,713,465,4873,43,1578
10/13/2017,5293,53488,42753,0,8147,807,452,5662,20,3130
10/14/2017,5787,55772,50142,0,8620,1072,485,6377,35,3250
10/15/2017,6608,58190,55430,0,12265,1153,627,7275,42,4380
10/16/2017,7358,81128,55792,0,27617,1447,1055,8993,30,10347
10/17/2017,5617,185612,51055,0,16518,1003,1090,7453,623,6467
10/18/2017,3683,108080,47178,0,5355,580,717,5917,100,2160
10/19/2017,3708,53568,47378,0,4603,585,528,5420,48,1765
10/20/2017,4103,52212,45740,0,4578,658,522,5538,47,1762
10/21/2017,4458,53995,48143,0,4893,620,608,5670,50,1855
10/22/2017,4642,55690,56447,0,4987,655,607,6750,32,1997
10/23/2017,3752,52262,48472,0,4865,597,565,5708,43,1937
10/24/2017,3362,51732,44817,0,4562,528,570,5197,40,1763
10/25/2017,3015,48775,49513,0,4043,493,545,5567,173,1597
10/26/2017,3358,50783,46067,0,3612,500,452,5312,175,1397
10/27/2017,3218,49563,46370,0,3297,498,482,4767,50,1303
10/28/2017,3177,104347,47348,0,4473,552,848,5638,48,1727
10/29/2017,4265,3321598,54213,0,6343,880,14833,6553,37,2458
10/30/2017,44022,1977028,48318,0,4900,727,9178,5623,43,1928
10/31/2017,41400,770592,41777,0,3817,560,4107,4755,23,1465
11/1/2017,33047,469390,42513,0,4572,612,2665,5378,30,1712
11/2/2017,29237,328205,50203,0,5237,713,2065,6657,33,2047
11/3/2017,29653,317393,60592,0,5755,953,1990,8608,67,2297
11/4/2017,24610,410858,68118,0,6957,890,2318,8782,77,2678
11/5/2017,20978,201127,68897,0,7052,1003,1368,9177,38,2778
11/6/2017,15417,90300,57148,0,5735,708,790,7730,38,2202
11/7/2017,12993,48313,56142,0,5585,688,533,7015,32,2102
11/8/2017,10707,48195,49760,0,5520,612,590,6720,52,2185
11/9/2017,11075,48278,51587,0,6792,750,590,6953,42,2673
11/10/2017,16400,56157,64715,0,9188,972,688,9743,52,3385
11/11/2017,15357,104472,68298,0,9740,1023,907,9813,52,3483
11/12/2017,14088,109248,70163,0,10990,1197,1030,10213,57,4075
11/13/2017,10680,105900,60660,0,8582,885,915,8577,17,3327
11/14/2017,12323,91108,61767,0,11020,900,843,9100,40,4215
11/15/2017,13153,93570,67770,0,11670,1117,918,9715,38,4583
11/16/2017,12430,98830,72843,0,10335,1010,902,8878,32,3992
11/17/2017,7928,92248,86338,0,15827,1017,947,9410,40,5750
11/18/2017,12097,156097,88065,0,15777,1860,1267,11368,58,5865
11/19/2017,10292,144498,81175,0,12155,1667,1178,11630,42,4895
11/20/2017,8470,122943,77202,0,10227,1457,1278,10585,33,4468
11/21/2017,8340,110855,66558,0,11133,1452,1113,10398,38,4957
11/22/2017,9497,127332,75412,0,13457,1593,1147,12823,43,5978
11/23/2017,18538,216375,96355,0,41237,3958,2227,17437,40,18323
11/24/2017,19982,624482,114198,0,33622,3037,5810,17605,65,13942
11/25/2017,7957,406248,84622,0,8312,912,3037,10965,88,3178
11/26/2017,5772,177502,74347,0,6288,745,1410,9165,55,2545
11/27/2017,7185,118055,77235,0,8340,767,1078,9945,47,3198
11/28/2017,5675,94255,58977,0,6827,635,880,7197,43,2417
11/29/2017,4312,48133,56340,0,6562,530,662,6457,57,2338
11/30/2017,4748,45370,53222,0,5577,502,592,5890,52,1897
12/1/2017,6107,45420,56080,0,6870,595,537,6618,55,2318
12/2/2017,6190,56973,73812,0,7468,690,653,7850,50,2577
12/3/2017,6153,62135,75950,0,7678,728,795,8652,40,2748
12/4/2017,5220,57343,59558,0,6490,552,700,7140,22,2260
12/5/2017,4562,53755,52548,0,6008,548,632,6452,40,2123
12/6/2017,5145,49737,52632,0,6877,640,600,6633,33,2465
12/7/2017,5120,47278,50495,0,6592,547,555,6097,35,2368
12/8/2017,4720,47065,52252,0,6210,508,577,6090,33,2200
12/9/2017,5088,48353,61668,0,6895,623,683,7075,50,2320
12/10/2017,5595,51457,69825,0,7818,675,662,8223,38,2673
12/11/2017,4842,48268,57130,0,7257,537,573,7097,22,2587
12/12/2017,5608,47908,52795,0,7478,633,608,6718,32,2495
12/13/2017,6420,69290,52782,0,7172,630,907,6475,25,2240
12/14/2017,6447,66720,51208,0,7138,578,743,6192,32,2255
12/15/2017,3625,58242,52583,0,4913,440,712,5902,25,1735
12/16/2017,3955,62047,61090,0,5907,598,700,6945,38,2075
12/17/2017,4252,62322,62690,0,5582,683,772,7613,32,1997
12/18/2017,3878,56102,56895,0,5273,565,638,7092,25,1945
12/19/2017,3712,54903,53270,0,5282,547,642,6578,45,1942
12/20/2017,3893,51610,53260,0,5243,542,605,6570,28,1938
12/21/2017,3597,49177,54508,0,5107,528,578,6785,43,1915
12/22/2017,3647,51042,55992,0,4575,580,562,6762,28,1723
12/23/2017,3612,52432,62155,0,4553,558,665,6840,47,1768
12/24/2017,3628,47420,56262,0,5075,622,583,6918,70,1830
12/25/2017,5893,56062,86928,0,6822,968,930,12687,132,2582
12/26/2017,7770,98283,112953,0,10085,1262,1420,15980,65,4012
12/27/2017,6430,148223,97652,0,9052,1108,1597,13828,60,3765
12/28/2017,5445,138618,82425,0,7448,897,1340,11203,55,3175
12/29/2017,5187,125532,77503,0,7390,875,1240,10852,48,3120
12/30/2017,5155,114623,73738,0,7152,770,1027,9883,45,3052
12/31/2017,4425,57245,66902,0,5025,792,682,8703,37,2227
1/1/2018,3635,51353,64795,0,4822,530,570,7382,43,2125
1/2/2018,4247,59237,68577,0,4903,655,803,8657,33,2243
1/3/2018,10050,56575,64770,0,4833,613,728,7808,35,2153
1/4/2018,4428,56793,68497,0,5177,612,770,8438,40,2295
1/5/2018,5590,53035,67607,0,7185,660,775,8520,35,2945
1/6/2018,5428,56045,68998,0,6178,717,788,8273,38,2592
1/7/2018,6302,56697,68818,0,6177,715,722,8918,30,2662
1/8/2018,3787,50615,58255,0,5117,597,740,7347,28,2130
1/9/2018,10560,48148,52890,0,4995,592,532,6563,28,2158
1/10/2018,5680,48603,51905,0,4737,493,595,6422,33,2052
1/11/2018,12053,34707,50318,0,4682,530,480,5923,27,1827
1/12/2018,9047,30338,52753,0,3748,460,447,5802,20,1562
1/13/2018,5172,32863,62955,0,4100,492,477,7068,35,1720
1/14/2018,12842,36930,66485,0,4790,678,538,7662,25,2003
1/15/2018,7802,33413,71158,0,4562,583,545,7902,25,1992
1/16/2018,19415,30615,61347,0,3533,605,442,6720,20,1507
1/17/2018,16820,30283,123573,0,3317,520,417,6783,18,1473
1/18/2018,16188,29978,97728,0,3505,508,373,6132,23,1470
1/19/2018,6777,35250,52622,0,3845,402,392,5657,2718,1520
1/20/2018,22210,36528,63862,0,4192,618,410,6732,503,1617
1/21/2018,10927,39705,64860,0,4658,538,492,7267,185,1887
1/22/2018,13592,36450,53688,0,3907,475,407,5528,227,1572
1/23/2018,2422,31855,50458,0,4110,302,440,5062,102,1637
1/24/2018,2397,28362,50702,0,4602,343,403,5100,72,1835
1/25/2018,2545,32540,63208,0,3978,353,370,5068,138,1500
1/26/2018,2340,30028,80913,0,3498,280,387,5058,77,1333
1/27/2018,2102,29925,59772,0,3757,260,413,5837,55,1530
1/28/2018,2248,32647,66488,0,4627,250,498,6470,58,1888
1/29/2018,2448,28785,53982,0,4142,330,405,5433,47,1682
1/30/2018,2492,27972,49597,0,3648,348,380,4698,40,1485
1/31/2018,2258,26528,48673,0,3410,265,388,4555,47,1372
2/1/2018,2423,26440,48230,0,3125,327,328,4592,50,1253
2/2/2018,2428,24577,46778,0,3273,330,390,4562,20,1343
2/3/2018,2742,28328,56858,0,3845,345,385,5498,62,1547
2/4/2018,3018,31107,62503,0,4272,382,427,6217,57,1812
2/5/2018,2348,31970,49618,0,3422,325,435,5100,32,1417
2/6/2018,48918,72332,51367,0,3285,378,635,4892,30,1317
2/7/2018,58217,76898,52468,0,3160,412,640,5028,55,1312
2/8/2018,46810,74655,50520,0,3168,483,602,4748,47,1238
2/9/2018,35843,79263,51523,0,3018,488,700,4602,38,1208
2/10/2018,37687,86460,87857,0,3205,585,787,5892,48,1343
2/11/2018,37712,91085,123842,0,4177,573,918,7138,50,1757
2/12/2018,29307,79407,59343,0,3448,473,732,5478,25,1390
2/13/2018,22498,75057,131892,0,3305,377,648,5118,22,1273
2/14/2018,19822,71648,42778,0,2962,363,585,4010,23,1100
2/15/2018,21492,71587,43078,0,3180,798,572,4177,32,1230
2/16/2018,21090,81463,48940,0,3455,770,658,4873,33,1317
2/17/2018,33022,85313,57578,0,3663,907,783,5557,45,1363
2/18/2018,26762,87385,62000,0,4058,900,772,6392,42,1642
2/19/2018,20923,86643,63547,0,4758,842,832,6380,43,1913
2/20/2018,22303,80798,53603,0,4257,813,753,5393,23,1572
2/21/2018,20132,79288,49890,0,3443,777,738,4765,33,1297
2/22/2018,16970,80212,53118,0,3768,768,742,5507,30,1447
2/23/2018,19638,83435,50995,0,3550,672,708,5077,28,1200
2/24/2018,18863,89052,57222,0,3967,887,918,6105,57,1518
2/25/2018,15430,91788,63353,0,4298,775,1060,6723,43,1822
2/26/2018,13580,83335,52352,0,4183,703,875,5967,45,1682
2/27/2018,13632,78933,46978,0,3552,702,783,5140,45,1460
2/28/2018,16153,80650,45823,0,3493,682,840,4835,40,1370
3/1/2018,11098,81125,46532,0,3347,432,803,5053,28,1297
3/2/2018,13393,82348,48217,0,4055,512,818,5138,32,1527
3/3/2018,10953,83433,54407,0,3970,432,783,5742,38,1563
3/4/2018,13393,87213,58643,0,4565,563,967,6328,33,1700
3/5/2018,9867,78787,48518,0,3628,395,833,5393,25,1477
3/6/2018,11113,79328,48038,0,3643,465,775,5305,1100,1418
3/7/2018,11638,81645,47765,0,3638,552,765,5562,187,1455
3/8/2018,10545,79367,45357,0,4403,703,773,5393,70,1815
3/9/2018,13157,79903,47025,0,4023,648,783,5510,67,1487
3/10/2018,12528,84970,55308,0,3853,640,880,6260,75,1407
3/11/2018,13960,89715,60113,0,4577,762,1032,7135,58,1758
3/12/2018,11608,80020,59205,0,3920,678,845,5698,45,1547
3/13/2018,9152,80147,66988,0,3500,597,898,5855,25,1268
3/14/2018,9022,77557,77413,0,3387,515,777,6038,55,1350
3/15/2018,7973,77050,79483,0,3153,483,802,5980,25,1188
3/16/2018,60672,85062,83078,0,3157,540,827,6088,48,1213
3/17/2018,57683,86025,93385,0,3327,555,835,6698,45,1215
3/18/2018,44465,85095,98163,0,3580,668,870,7333,35,1332
3/19/2018,36290,79242,85858,0,3673,488,735,6415,37,1422
3/20/2018,31715,79457,82948,0,3515,488,732,5987,25,1307
3/21/2018,29655,82402,97630,0,3277,572,838,6527,42,1277
3/22/2018,29363,79335,96207,0,3572,543,780,6553,43,1282
3/23/2018,23585,75257,106817,0,3543,563,710,6665,32,1295
3/24/2018,20703,80903,121882,0,3048,535,765,7577,43,1130
3/25/2018,20608,83130,111052,0,3563,620,865,7850,23,1400
3/26/2018,18407,77192,115285,0,3927,538,822,7065,30,1643
3/27/2018,16555,76743,113328,0,3248,557,727,6870,30,1253
3/28/2018,15307,77808,99375,0,2957,503,727,6388,32,1098
3/29/2018,13263,79158,100647,0,2795,373,683,6058,33,1082
3/30/2018,14585,82483,110473,0,2882,445,738,6910,32,1132
3/31/2018,14352,78065,114140,0,3082,482,715,7048,25,1135
4/1/2018,12202,77432,109077,0,2903,423,703,6282,30,1113
4/2/2018,12563,82590,105952,0,3507,452,858,6568,12,1235
4/3/2018,13237,83860,104798,0,3540,442,800,6475,35,1247
4/4/2018,13037,83230,111562,0,3243,842,785,6673,45,1222
4/5/2018,12293,81310,96773,0,3175,720,678,6292,33,1213
4/6/2018,13315,81208,82992,0,3825,645,727,6262,18,1468
4/7/2018,13995,88535,98257,0,4278,778,840,7655,37,1645
4/8/2018,13442,91673,95410,0,4402,757,932,7422,27,1895
4/9/2018,11580,80868,82998,0,4362,705,745,6423,33,1770
4/10/2018,10225,78910,81302,0,3628,708,775,6002,18,1455
4/11/2018,10542,76913,78975,0,3635,587,658,5755,38,1408
4/12/2018,10870,77532,80308,0,4188,410,658,6020,33,1638
4/13/2018,13555,77887,89740,0,3712,485,710,7043,27,1425
4/14/2018,11938,89740,94255,0,3867,535,750,7408,32,1505
4/15/2018,11792,88112,95745,0,4275,622,868,7830,40,1737
4/16/2018,10225,79880,82505,0,3575,507,777,6573,28,1467
4/17/2018,8925,77757,73892,0,3627,552,733,6078,20,1480
4/18/2018,7932,78170,76417,0,3772,507,670,5847,42,1610
4/19/2018,7913,77723,79242,0,3860,463,673,6340,15,1525
4/20/2018,12937,73888,86950,0,5007,787,580,7708,32,1937
4/21/2018,14347,78072,98455,0,5978,972,723,8397,27,2222
4/22/2018,13268,84660,100215,0,5938,998,803,8613,25,2237
4/23/2018,13200,76455,86413,0,5565,932,728,7453,28,2130
4/24/2018,10817,77123,78383,0,5185,852,687,6332,22,2000
4/25/2018,6648,79665,84408,0,3148,703,655,5480,23,1267
4/26/2018,6503,73168,138647,0,2877,668,578,6395,13,1117
4/27/2018,5237,73677,144173,0,2715,295,567,6762,32,1077
4/28/2018,5223,75792,164497,0,3008,350,640,7443,27,1190
4/29/2018,5878,79898,183040,0,3685,358,655,8372,23,1455
4/30/2018,5260,76140,161335,0,3163,352,588,7255,485,1215
5/1/2018,5572,79808,128587,0,3123,463,600,5728,1115,1162
5/2/2018,5592,76388,89210,0,2800,568,568,5205,120,1067
5/3/2018,109328,89952,90782,0,2920,515,550,5123,122,1057
5/4/2018,43167,77755,91698,0,3440,447,535,5238,78,1218
5/5/2018,19582,75083,133227,0,3525,503,655,6200,67,1292
5/6/2018,14168,76092,110015,0,3415,535,653,6130,62,1292
5/7/2018,10742,71510,93330,0,2892,528,640,5207,40,1127
5/8/2018,8382,69373,94963,0,2938,430,550,4903,48,1072
5/9/2018,7820,69708,97185,0,2842,478,572,5045,55,1063
5/10/2018,6745,406885,104168,0,2933,443,990,4795,55,1037
5/11/2018,5953,1011480,98105,0,2663,392,1658,4757,32,1015
5/12/2018,6373,1117245,117223,0,3068,445,1897,5683,70,1130
5/13/2018,6352,1192142,117630,0,3213,437,1953,5902,48,1193
5/14/2018,5668,483698,102208,0,3080,473,1130,5277,25,1173
5/15/2018,5758,71058,99615,0,3062,473,595,4952,45,1103
5/16/2018,5523,70817,107955,0,6608,497,618,5382,33,2002
5/17/2018,5392,76225,117223,0,4082,483,583,5407,40,1375
5/18/2018,5253,71663,98605,0,2992,402,585,4505,22,1087
5/19/2018,4452,72332,106978,0,3183,355,592,5072,43,1117
5/20/2018,4857,76397,109342,0,3502,365,690,5572,22,1345
5/21/2018,4700,70933,98172,0,3192,322,585,5217,22,1300
5/22/2018,4328,72685,94022,0,3308,352,635,4962,25,1197
5/23/2018,4425,72198,121975,0,3288,355,613,5022,40,1100
5/24/2018,4787,70927,98790,0,3417,325,505,5082,25,1192
5/25/2018,4282,71830,89950,0,2968,395,605,4930,28,970
5/26/2018,4327,73618,93643,0,2920,477,610,5427,17,1010
5/27/2018,4500,73192,116725,0,3075,350,633,5882,40,1083
5/28/2018,4587,76633,106532,0,3373,385,740,6085,28,1308
5/29/2018,3907,73163,126180,0,3308,440,593,5712,188,1178
5/30/2018,3763,76553,83390,0,3122,330,652,5288,583,1192
5/31/2018,3940,37755,149867,0,2862,400,453,5803,115,1075
6/1/2018,2862,69120,138828,0,2750,152,527,5765,60,1048
6/2/2018,2953,76728,123635,0,3050,202,602,5640,50,1050
6/3/2018,3287,79420,131933,0,2923,310,640,6142,30,1163
6/4/2018,3168,76958,99823,0,3040,268,663,5345,27,1143
6/5/2018,3562,77498,70720,0,2943,287,602,4817,18,1067
6/6/2018,3340,75540,70090,0,2908,263,555,5150,55,1105
6/7/2018,3465,73590,70005,0,2997,278,587,4955,42,1100
6/8/2018,3283,73620,69872,0,2775,285,558,4897,55,1048
6/9/2018,3175,74825,69670,0,2797,262,587,4953,43,1067
6/10/2018,3583,76252,76143,0,3580,305,645,5355,37,1347
6/11/2018,3190,74565,84058,0,3178,283,635,5407,27,1210
6/12/2018,3222,74837,92435,0,3523,270,655,5692,43,1345
6/13/2018,3310,73580,104675,0,3237,302,668,5900,52,1197
6/14/2018,3337,74413,99790,0,3497,347,668,5640,32,1332
6/15/2018,3188,72788,99710,0,2937,335,578,5710,33,1048
6/16/2018,3240,73107,107855,0,3023,368,538,5463,47,1088
6/17/2018,3248,72565,102170,0,3148,350,663,5423,37,1180
6/18/2018,3087,75488,102185,0,3360,388,715,5498,37,1287
6/19/2018,3600,77633,97713,0,4082,385,662,5308,32,1468
6/20/2018,3440,75548,97392,0,3202,452,703,5428,38,1188
6/21/2018,3805,73175,103372,0,2990,588,637,5665,42,1132
6/22/2018,4237,71480,112302,0,3398,688,500,5828,30,1173
6/23/2018,4512,72725,110995,0,3172,712,515,5982,32,1168
6/24/2018,3688,73857,108885,0,3122,470,493,5857,30,1280
6/25/2018,3102,69678,110433,0,3492,263,530,5868,35,1275
6/26/2018,3258,72353,125170,0,3213,292,537,5978,28,1183
6/27/2018,16988,73235,136555,0,2882,707,565,5922,30,1168
6/28/2018,8243,71953,95690,0,2963,520,513,5808,50,1238
6/29/2018,8508,71557,98082,0,2852,535,513,5638,27,1055
6/30/2018,2488,71737,86873,0,3415,212,505,5008,38,1168
7/1/2018,2757,71370,45365,0,2692,303,538,4662,20,1133
7/2/2018,2807,70215,46115,0,2597,322,533,5183,22,1117
7/3/2018,2900,72122,74077,0,2318,310,530,5320,30,967
7/4/2018,2702,69945,59820,0,2270,312,442,4703,20,942
7/5/2018,2707,67732,43048,0,2117,255,538,4620,23,907
7/6/2018,3222,76865,47210,0,2762,345,545,5597,17,1163
7/7/2018,2968,76485,45330,0,2953,298,502,4798,42,1228
7/8/2018,3248,75380,46207,0,3600,302,572,5152,18,1468
7/9/2018,2813,73535,46593,0,3167,265,587,5262,33,1343
7/10/2018,2888,75108,48908,0,7095,377,657,6232,17,3865
7/11/2018,2752,74963,45290,0,3997,367,595,5442,23,1888
7/12/2018,3052,72905,46878,0,3360,295,645,5437,20,1387
7/13/2018,3015,74652,54625,0,3568,343,677,5565,23,1522
7/14/2018,2952,73832,51208,0,3012,313,570,5097,37,1247
7/15/2018,2852,73433,44455,0,3107,307,543,5122,27,1320
7/16/2018,2595,101643,39652,0,3363,358,745,4548,23,1390
7/17/2018,3220,75883,47420,0,3122,318,627,5410,28,1285
7/18/2018,2795,75187,44475,0,2842,310,558,5213,33,1152
7/19/2018,3003,77152,44643,0,2878,307,572,5127,92,1150
7/20/2018,2853,77500,43340,0,2767,263,557,5032,162,1225
7/21/2018,2690,78112,42938,0,2938,310,555,4793,142,1200
7/22/2018,2873,79220,49753,0,3315,345,680,5438,203,1380
7/23/2018,2778,78962,48858,0,3170,317,628,5312,217,1283
7/24/2018,2615,76757,49647,0,3050,267,567,5258,433,1277
7/25/2018,2702,76068,45552,0,2695,290,567,5065,558,1142
7/26/2018,2808,74703,45160,0,3025,312,558,5217,88,1257
7/27/2018,2752,73290,43972,0,2863,320,520,5448,78,1180
7/28/2018,2895,73543,41603,0,2862,328,505,5147,52,1170
7/29/2018,2982,73345,44245,0,3098,302,578,5257,32,1313
7/30/2018,2670,74217,45612,0,2808,272,593,5043,67,1207
7/31/2018,3740,77858,47298,0,3045,385,585,5323,55,1305
8/1/2018,4387,80855,48185,0,4382,502,680,6032,45,1548
8/2/2018,3120,90928,45152,0,3228,300,643,5405,48,1223
8/3/2018,2645,119820,43465,0,3248,272,763,5177,52,1340
8/4/2018,2557,115230,43175,0,2937,300,705,5088,35,1250
8/5/2018,2917,116982,45232,0,3045,313,760,4962,33,1172
8/6/2018,2577,111108,46647,0,2900,263,693,4868,28,1210
8/7/2018,2738,111903,46512,0,3293,317,765,5158,35,1292
8/8/2018,3252,111218,45193,0,2970,322,693,4998,40,1177
8/9/2018,3488,95138,48817,0,3218,308,700,5052,30,1157
8/10/2018,2722,73478,45883,0,2748,292,563,5003,28,1100
8/11/2018,2862,73420,74342,0,3143,287,527,5490,32,1238
8/12/2018,2957,75075,95312,0,3133,257,533,5703,32,1240
8/13/2018,2490,74317,101817,0,2690,278,618,5343,28,1107
8/14/2018,2512,74242,109790,0,2765,270,555,5622,32,1038
8/15/2018,2815,73063,137103,0,2852,280,493,5797,20,1095
8/16/2018,2520,74430,136123,0,2892,248,508,5617,62,1085
8/17/2018,2335,74623,134365,0,2820,227,463,5332,63,1040
8/18/2018,2782,76073,148468,0,3073,287,503,5763,63,1122
8/19/2018,2618,76505,149422,0,3213,293,527,6320,87,1262
8/20/2018,2450,72858,127948,0,2975,295,482,5375,177,1155
8/21/2018,2450,75940,126423,0,2658,273,487,5295,380,970
8/22/2018,2882,80865,126400,0,2825,297,497,5335,453,1098
8/23/2018,94968,90313,125627,0,3075,422,503,5505,82,1175
8/24/2018,109955,82783,143217,0,3850,550,450,6985,65,1473
8/25/2018,65400,80457,146362,0,3765,543,502,7257,53,1378
8/26/2018,48303,78972,158037,0,3837,455,495,7112,47,1448
8/27/2018,35268,74035,129045,0,3330,385,463,5795,35,1328
8/28/2018,36710,74670,108198,0,3985,402,467,5768,43,1475
8/29/2018,28515,74137,117188,0,3493,390,448,5703,37,1412
8/30/2018,34642,74220,128088,0,4357,430,500,6477,28,1628
8/31/2018,31167,73625,111375,0,4133,430,447,6552,30,1497
9/1/2018,27593,75872,115705,0,4567,450,547,7097,35,1667
9/2/2018,25215,75022,119610,0,4743,515,535,7422,27,1853
9/3/2018,29480,80928,106190,0,5773,600,592,7852,30,2073
9/4/2018,17577,72265,80763,0,3695,387,490,5182,30,1392
9/5/2018,11122,69522,79378,0,2502,300,468,4375,12,910
9/6/2018,11600,68167,82992,0,2675,307,388,4423,105,1003
9/7/2018,12780,70593,86220,0,3315,262,430,4533,770,1270
9/8/2018,12970,73613,94888,0,3580,330,433,5498,100,1390
9/9/2018,11755,75063,98953,0,3533,342,520,5620,52,1453
9/10/2018,8952,68465,81898,0,2653,282,472,4773,30,1125
9/11/2018,9197,68215,80165,0,2805,282,430,4175,28,1057
9/12/2018,9160,68045,79357,0,2845,270,438,4190,28,1148
9/13/2018,9383,70170,79958,0,2722,265,492,4252,30,1045
9/14/2018,9283,72098,82575,0,3017,310,463,4382,28,1162
9/15/2018,9347,76313,91667,0,2987,318,443,5147,52,1247
9/16/2018,10283,79432,98493,0,3863,348,585,5838,40,1518
9/17/2018,9680,81065,83727,0,2905,263,495,4372,17,1057
9/18/2018,12135,90918,77498,0,2777,447,462,4090,23,990
9/19/2018,12173,93553,76410,0,2843,650,525,4490,22,1010
9/20/2018,22332,88610,88325,0,2538,815,473,4605,30,907
9/21/2018,20777,92985,94615,0,2617,823,430,4577,73,963
9/22/2018,24388,130420,108650,0,2992,915,742,5515,92,1163
9/23/2018,26317,125620,109777,0,3098,953,667,6123,50,1197
9/24/2018,28595,102478,84707,0,2925,605,482,5058,17,1122
9/25/2018,19143,99858,75572,0,2727,483,465,4637,58,1047
9/26/2018,18580,97670,72567,0,2995,458,468,4713,62,1103
9/27/2018,42597,98027,71060,0,2575,610,448,4528,83,942
9/28/2018,31245,98770,74167,0,2712,505,398,4472,132,1048
9/29/2018,46528,109808,80703,0,3018,667,460,5255,708,1180
9/30/2018,40940,113297,74850,0,3163,735,520,5477,115,1312
10/1/2018,25067,115283,75775,0,2847,488,498,4783,88,1155
10/2/2018,5393,113543,135882,0,2703,292,510,5027,50,1128
10/3/2018,249327,177523,173582,0,2853,377,497,5460,73,1028
10/4/2018,90508,134570,161875,0,2485,418,425,5488,60,948
10/5/2018,68462,147833,160482,0,2992,415,575,5518,383,1208
10/6/2018,57205,134393,171902,0,2862,412,632,6285,198,1112
10/7/2018,46792,126687,170540,0,3035,442,550,6637,83,1300
10/8/2018,52932,124792,154078,0,2923,683,578,6237,57,1173
10/9/2018,93818,139772,134135,0,2662,1128,475,5722,52,1110
10/10/2018,33345,145072,133702,0,2820,532,523,5615,62,1158
10/11/2018,31485,162342,140098,0,2975,528,595,5518,55,1167
10/12/2018,27875,196050,148398,0,2795,488,873,5737,47,1120
10/13/2018,27283,231505,186410,0,3343,520,1067,6500,58,1337
10/14/2018,24863,226172,199228,0,3460,577,1058,6763,47,1358
10/15/2018,21730,207225,161518,0,3450,563,983,6087,48,1432
10/16/2018,19538,349038,150667,0,2772,538,1060,5720,47,1163
10/17/2018,18852,357623,157573,0,2588,523,1050,6300,37,1055
10/18/2018,18193,309160,165695,0,2635,595,842,6280,47,1070
10/19/2018,16925,304030,175135,0,2818,548,662,5683,62,1122
10/20/2018,18103,276113,183917,0,3047,615,670,6368,738,1252
10/21/2018,16923,250923,188155,0,3123,560,737,7167,107,1420
10/22/2018,14187,191893,154350,0,2862,610,607,6300,52,1148
10/23/2018,14482,176890,139878,0,2783,518,503,5782,72,1078
10/24/2018,13073,196422,132970,0,2615,577,557,5528,48,1062
10/25/2018,13910,207053,133977,0,2828,537,503,5812,47,1107
10/26/2018,17120,226535,145410,0,3498,585,560,6950,58,1368
10/27/2018,16325,240227,174207,0,3965,668,673,7158,77,1545
10/28/2018,15717,253425,184088,0,3928,640,757,7442,37,1518
10/29/2018,12807,2482895,119987,0,3310,985,4552,6170,30,1422
10/30/2018,11260,1922525,103635,0,2930,785,3537,5327,43,1295
10/31/2018,11892,482742,101298,0,2508,415,1192,4788,42,997
11/1/2018,26557,399855,35053,0,2917,412,980,3957,52,1073
11/2/2018,16268,356097,43240,0,4228,537,872,5353,33,1488
11/3/2018,13800,381983,118652,0,4560,662,908,7582,47,1720
11/4/2018,13782,391278,142448,0,4758,583,968,8407,42,1798
11/5/2018,12532,237965,117113,0,4047,513,603,7592,38,1528
11/6/2018,11863,174812,108972,0,3907,448,468,6390,43,1523
11/7/2018,9765,166817,87935,0,3682,478,443,5750,32,1367
11/8/2018,9033,175602,98457,0,3740,457,413,5897,33,1453
11/9/2018,12045,174663,135590,0,4647,542,428,7420,28,1640
11/10/2018,14068,203625,149582,0,5553,628,570,8482,48,2017
11/11/2018,13267,201378,163652,0,6043,643,605,9640,23,2225
11/12/2018,13725,198882,139362,0,6063,653,588,8887,23,2293
11/13/2018,11538,179945,128920,0,5438,560,445,7955,23,1962
11/14/2018,9200,169002,133995,0,10942,637,507,7838,37,4068
11/15/2018,10383,188443,137257,0,10767,652,573,8778,32,4078
11/16/2018,13517,189483,159962,0,12868,795,582,10703,33,4868
11/17/2018,13288,251422,182603,0,10178,743,702,11348,40,3967
11/18/2018,13562,292875,189993,0,10560,858,1038,12528,43,4475
11/19/2018,13462,254262,147117,0,10180,892,1072,11510,28,4247
11/20/2018,12297,233490,105608,0,9453,818,838,9848,40,3652
11/21/2018,9535,217930,105753,0,7273,633,752,9597,53,2760
11/22/2018,11282,218973,121395,0,9753,740,852,10912,40,3457
11/23/2018,18842,620298,145825,0,12570,1233,4497,15215,97,4460
11/24/2018,11453,404448,131472,0,7635,858,1957,11562,83,3070
11/25/2018,8448,259855,107452,0,5668,670,842,8967,50,2218
11/26/2018,10907,199190,109282,0,7635,688,750,10215,43,2783
11/27/2018,7578,187857,69978,0,4913,605,535,6682,40,1820
11/28/2018,5913,174152,53645,0,3997,470,475,5513,43,1627
11/29/2018,6808,183075,53577,0,4283,535,465,5402,37,1683
11/30/2018,7168,183698,55022,0,5183,578,420,5648,30,1930
12/1/2018,6357,180230,54662,0,5690,528,563,6355,48,2033
12/2/2018,4472,185770,59448,0,5895,498,670,6968,30,2138
12/3/2018,3833,169448,47723,0,5512,378,508,5940,28,2133
12/4/2018,4673,155565,44225,0,4905,442,410,5228,27,1783
12/5/2018,4283,137380,43778,0,4253,427,463,5312,33,1500
12/6/2018,3655,127540,41347,0,3637,395,348,5307,33,1503
12/7/2018,5202,156103,68252,0,5070,593,415,5932,25,1828
12/8/2018,4712,182093,71962,0,5445,537,442,6527,38,1982
12/9/2018,5712,211660,75695,0,5618,630,618,6958,30,2048
12/10/2018,5068,168613,67412,0,5152,562,478,6192,40,1925
12/11/2018,5710,154860,65017,0,5725,623,417,5912,25,1935
12/12/2018,5970,157663,77752,0,5453,600,402,5825,23,1855
12/13/2018,5345,144988,90387,0,4508,538,357,5628,33,1537
12/14/2018,4162,109723,87245,0,3930,520,388,5408,27,1430
12/15/2018,4310,97682,99167,0,4818,767,432,6300,48,1692
12/16/2018,4688,98458,103602,0,4910,800,425,6738,38,1817
12/17/2018,6445,93108,90370,0,4798,1072,442,6103,35,1527
12/18/2018,7193,85920,76380,0,4815,1178,393,5580,22,1572
12/19/2018,3002,133617,65730,0,3955,520,363,5460,32,1447
12/20/2018,15478,178795,64362,0,4327,2033,438,5308,20,1612
12/21/2018,8277,181743,64912,0,5588,1388,432,5817,30,2295
12/22/2018,5948,186593,81472,0,9510,962,483,6823,45,4648
12/23/2018,2918,184372,78567,0,7072,607,413,6812,40,3333
12/24/2018,3238,174398,71092,0,6228,640,395,6617,52,2780
12/25/2018,3818,209457,110045,0,7775,953,517,11592,138,3120
12/26/2018,4990,245155,129600,0,7897,1163,763,14620,50,3883
12/27/2018,4593,271065,114723,0,7107,955,718,10817,67,3423
12/28/2018,4035,243140,130797,0,6123,865,623,10460,45,2888
12/29/2018,3502,237087,64175,0,5897,768,635,8448,47,2743
12/30/2018,3878,250867,59152,0,5882,712,567,7965,33,2790
12/31/2018,3200,239878,62338,0,5303,702,608,6777,32,2428
1/1/2019,3505,224993,86270,0,4523,548,412,6182,15,2075
1/2/2019,3542,246003,94538,0,5188,687,555,7755,22,2478
1/3/2019,2515,241590,140962,0,4575,663,545,7795,33,2210
1/4/2019,2620,237072,124650,0,4872,662,488,7450,32,2137
1/5/2019,14037,248317,77517,0,4578,2638,598,6697,43,1977
1/6/2019,15135,260933,76207,0,4748,2820,577,7087,25,2195
1/7/2019,11765,226147,64005,0,4015,2292,502,5523,18,1770
1/8/2019,14922,226732,66243,0,3793,2470,467,5318,30,1620
1/9/2019,15597,220488,67475,0,3783,2660,517,5357,32,1620
1/10/2019,13920,207473,93217,0,3525,2337,452,5437,35,1490
1/11/2019,11350,195958,158657,0,3572,1910,405,6177,40,1512
1/12/2019,13855,230220,234617,0,4212,2135,440,7892,38,1752
1/13/2019,17295,249060,207987,0,4300,2728,582,8378,40,1862
1/14/2019,12115,214928,137112,0,3593,2123,467,6263,27,1545
1/15/2019,17115,207485,125693,0,3217,2727,453,5522,25,1378
1/16/2019,16565,205848,131830,0,3213,2528,437,5565,35,1320
1/17/2019,13208,203162,136087,0,2830,1898,353,5878,30,1158
1/18/2019,16183,198863,132780,0,3045,2443,392,5642,117,1162
1/19/2019,15148,227327,162100,0,3480,2443,445,6550,143,1388
1/20/2019,20128,243983,161988,0,3665,2978,552,7247,173,1527
1/21/2019,16047,212267,158653,0,3505,2450,512,6968,252,1495
1/22/2019,15527,194447,135415,0,3245,2360,423,5780,2333,1417
1/23/2019,126115,206510,139235,0,3072,2443,367,5850,1033,1168
1/24/2019,101590,202722,133497,0,2838,2065,367,5525,132,1120
1/25/2019,72788,199510,138532,0,2907,2367,395,5742,83,1207
1/26/2019,66587,223915,162540,0,4950,2535,490,6702,87,2053
1/27/2019,53605,230072,166932,0,4382,2542,522,6990,58,1868
1/28/2019,43330,207498,134723,0,3527,1940,442,5922,80,1470
1/29/2019,38392,202670,133352,0,3077,2137,440,5648,62,1272
1/30/2019,37828,199393,138080,0,3167,2543,417,5897,53,1328
1/31/2019,35567,191572,145782,0,3367,1605,387,5632,47,1303
2/1/2019,23397,186930,147652,0,3192,830,353,5330,42,1213
2/2/2019,30530,217755,148690,0,3207,2168,433,6405,53,1383
2/3/2019,25540,208198,147062,0,3507,1687,443,6632,47,1532
2/4/2019,22097,185840,123838,0,3027,1642,460,5547,23,1297
2/5/2019,20988,197120,121305,0,2842,1600,450,5245,27,1182
2/6/2019,21162,192747,111033,0,2762,1620,405,5237,23,1215
2/7/2019,21628,192755,132387,0,3005,1922,418,5172,32,1287
2/8/2019,18363,177628,109012,0,3285,1448,352,4780,60,1277
2/9/2019,20628,196178,134195,0,3423,1807,392,5638,67,1405
2/10/2019,21740,217510,138098,0,3583,1973,493,6395,88,1532
2/11/2019,17772,197083,115015,0,3317,1550,402,5357,112,1333
2/12/2019,18737,199997,118782,0,3065,1930,383,5215,143,1290
2/13/2019,16472,194773,130445,0,3080,1872,400,5227,243,1255
2/14/2019,14332,192192,123388,0,2758,1600,348,4650,322,1105
2/15/2019,19767,192370,134918,0,2822,1873,372,5103,58,1058
2/16/2019,20003,222180,156235,0,3542,1797,463,5797,45,1365
2/17/2019,19470,228515,156493,0,3813,2030,475,6560,53,1590
2/18/2019,18402,226163,151403,0,4022,1932,470,6650,47,1710
2/19/2019,18148,223168,120698,0,3617,1930,428,5468,38,1447
2/20/2019,16738,214498,114522,0,3352,1945,390,5522,23,1397
2/21/2019,15620,200400,110758,0,3197,1657,445,5237,37,1315
2/22/2019,18848,202130,130580,0,3405,2005,400,5373,33,1375
2/23/2019,14995,243327,159212,0,3410,1808,473,6187,38,1368
2/24/2019,19132,243220,172767,0,4223,2090,552,6655,42,1757
2/25/2019,13825,206388,155053,0,3118,1655,442,6080,42,1287
2/26/2019,12513,198512,142657,0,2975,1382,375,5463,43,1268
2/27/2019,10013,202202,142345,0,3243,990,413,5442,45,1343
2/28/2019,9783,195990,31833,0,3185,903,480,4118,50,1333
3/1/2019,7530,192035,90752,0,3072,625,405,5098,35,1238
3/2/2019,7238,215258,152155,0,3740,537,440,6460,82,1555
3/3/2019,16448,239877,202120,0,3858,1718,577,7188,93,1597
3/4/2019,11613,206067,184958,0,3312,1302,432,6567,118,1340
3/5/2019,14472,196703,166302,0,3813,1510,420,6045,515,1512
3/6/2019,10618,200630,138443,0,3418,1275,400,5618,77,1435
3/7/2019,11422,199940,111157,0,3605,1320,1532,4190,47,1448
3/8/2019,11627,182732,110143,0,4083,802,5803,338,43,1633
3/9/2019,10822,208260,121425,0,4297,940,6477,327,57,1680
3/10/2019,12755,232375,130108,0,4187,1180,7122,378,38,1775
3/11/2019,10710,207910,104353,0,3623,947,5965,285,48,1515
3/12/2019,10183,205375,79323,0,3558,1043,5335,312,27,1453
3/13/2019,9788,199173,77798,0,3698,965,5293,275,40,1498
3/14/2019,10435,197662,77427,0,3505,917,5360,317,40,1340
3/15/2019,10185,187197,84658,0,4932,913,5467,260,28,1910
3/16/2019,10307,207288,85630,0,4208,1023,4368,1830,37,1675
3/17/2019,10468,220115,85262,0,4082,927,965,5510,32,1610
3/18/2019,9883,200390,78098,0,3552,990,827,4815,32,1412
3/19/2019,12898,185708,84820,0,3523,1027,805,4870,32,1412
3/20/2019,14802,189670,79753,0,3233,1187,857,4755,32,1213
3/21/2019,17563,205435,88058,0,3500,1400,950,5047,40,1323
3/22/2019,16512,194550,93205,0,3437,1218,992,5103,55,1210
3/23/2019,10432,209548,100438,0,3515,862,925,5503,673,1352
3/24/2019,11225,228345,100827,0,3680,1080,1125,5723,107,1475
3/25/2019,9738,247273,88487,0,3285,875,973,4915,35,1360
3/26/2019,17387,272600,86625,0,3007,1388,892,4728,37,1165
3/27/2019,25053,225130,81425,0,3023,2112,942,4555,45,1275
3/28/2019,17553,195232,87652,0,2798,1550,903,4700,38,1158
3/29/2019,15945,196213,103623,0,2722,1250,863,4705,42,1127
3/30/2019,17572,230393,107943,0,2987,1313,1037,5250,47,1242
3/31/2019,17600,233967,89143,0,3173,1350,1062,5325,40,1303
4/1/2019,3487,178997,29613,0,2890,87,840,3787,28,1190
4/2/2019,9567,173233,75787,0,3077,690,905,4422,18,1200
4/3/2019,21635,168510,99578,0,3450,2315,908,5465,32,1328
4/4/2019,21627,166858,97468,0,3193,2330,1028,5045,57,1272
4/5/2019,21340,170025,95108,0,3333,2247,1033,5070,63,1250
4/6/2019,20028,187918,114835,0,4470,2032,1162,5608,70,1630
4/7/2019,20522,185698,120863,0,3790,2072,1138,5450,82,1363
4/8/2019,20262,179670,116242,0,2997,2030,940,4812,135,1105
4/9/2019,17673,183437,126132,0,3297,1900,882,4772,265,1338
4/10/2019,19370,176730,123475,0,3688,2010,938,4868,45,1448
4/11/2019,16752,189275,123917,0,3133,1822,967,4850,33,1170
4/12/2019,48527,204038,133118,0,3147,1852,1147,4740,40,1175
4/13/2019,45250,212297,150422,0,3482,1680,1213,5467,27,1272
4/14/2019,41968,224083,155983,0,3620,2007,1190,5773,33,1388
4/15/2019,35898,207905,140973,0,3388,1722,1282,5120,30,1263
4/16/2019,35490,206053,125480,0,3487,1775,1133,4992,22,1195
4/17/2019,30632,207960,112567,0,3062,1735,1100,4758,25,1188
4/18/2019,28065,200822,128703,0,3132,1472,943,5040,18,1170
4/19/2019,26572,192233,147993,0,3107,1477,963,5505,30,1102
4/20/2019,25510,199060,158403,0,3322,1580,907,5708,22,1248
4/21/2019,24598,181862,138973,0,3325,1602,902,5083,17,1173
4/22/2019,21650,165663,137045,0,3065,1445,953,5097,27,1095
4/23/2019,25265,183610,132078,0,3340,1903,927,5267,32,1182
4/24/2019,31653,175417,127627,0,3917,2767,1032,5363,15,1475
4/25/2019,30313,192458,143128,0,4032,2582,940,5788,18,1435
4/26/2019,37530,172993,170813,0,4847,3123,1282,7268,20,1715
4/27/2019,39882,192187,225862,0,5157,3578,1303,7173,27,1748
4/28/2019,37403,206355,221430,0,4923,3805,1242,7187,32,1638
4/29/2019,33480,188473,198433,0,4398,3275,1000,6215,8,1453
4/30/2019,28752,196962,202620,0,4757,2480,1033,6327,15,1505
5/1/2019,13452,189660,183527,0,4243,558,895,5775,20,1368
5/2/2019,20702,186390,211487,0,5237,1107,1068,7067,12,1817
5/3/2019,21907,184275,222450,0,5643,1292,1208,7470,20,1848
5/4/2019,17898,196820,230065,0,5463,1073,1297,7288,15,1780
5/5/2019,19538,206635,235132,0,5563,1197,1340,7137,10,1750
5/6/2019,18018,188303,200685,0,5257,1085,1195,6520,22,1583
5/7/2019,16493,189763,182338,0,4247,1043,1115,5662,13,1443
5/8/2019,13175,188498,173492,0,2870,1113,893,5015,35,1065
5/9/2019,12378,185707,143197,0,2978,987,877,4763,15,1030
5/10/2019,12732,190687,70442,0,3098,1017,770,3958,15,1053
5/11/2019,15585,222300,81745,0,3692,1142,843,4653,23,1095
5/12/2019,13005,197862,75453,0,3182,1110,875,4597,23,1208
5/13/2019,11983,180703,72082,0,3075,1153,953,4373,17,1167
5/14/2019,11895,194747,80555,0,3140,1140,958,4573,157,1240
5/15/2019,10550,189390,92977,0,3323,970,968,4870,1037,1327
5/16/2019,10665,168642,94058,0,3343,1043,1030,4525,105,1200
5/17/2019,11100,166765,96407,0,3117,1070,875,4212,58,1083
5/18/2019,9090,196792,96323,0,3180,757,870,4665,38,1105
5/19/2019,9602,205177,96845,0,3382,810,927,5320,50,1295
5/20/2019,9093,203173,93043,0,3313,752,828,4202,35,955
5/21/2019,9075,184692,62747,0,4007,692,913,4497,32,1300
5/22/2019,8840,171873,99500,0,3797,765,898,4738,33,1183
5/23/2019,9408,181280,100528,0,4533,742,932,5047,47,1395
5/24/2019,8512,181125,94400,0,3990,642,950,4778,38,1203
5/25/2019,8845,182828,99502,0,4197,710,887,5032,52,1200
5/26/2019,8357,190378,107478,0,4617,685,962,5112,53,1335
5/27/2019,8817,189080,98015,0,4602,720,1060,5667,82,1383
5/28/2019,8125,179207,98182,0,4348,697,952,5117,180,1295
5/29/2019,7817,189283,124798,0,4547,707,957,5328,187,1245
5/30/2019,7690,190038,49160,0,4402,615,1078,4158,38,1242
5/31/2019,8678,190830,163003,0,5415,755,963,4988,38,1330
6/1/2019,7383,193865,136997,0,6350,517,897,4772,28,1278
6/2/2019,9730,205040,134563,0,6735,965,1057,5150,32,1275
6/3/2019,9207,138415,128320,0,6535,823,983,4898,22,1253
6/4/2019,7502,141607,117012,0,6380,663,935,4450,23,1238
6/5/2019,7632,101732,148537,0,7438,658,823,5292,27,1287
6/6/2019,7978,61893,127160,0,7237,707,730,4872,27,1107
6/7/2019,7282,59130,119738,0,7532,578,772,4842,20,1207
6/8/2019,7645,60693,118917,0,7885,672,762,4483,22,1228
6/9/2019,7782,62358,133782,0,7832,725,788,4973,28,1225
6/10/2019,7127,64120,124782,0,7688,720,873,4922,23,1212
6/11/2019,7333,67558,137212,0,7452,775,823,5012,20,1168
6/12/2019,6727,66095,126812,0,7457,580,788,4703,22,1138
6/13/2019,5677,66058,131682,0,8027,550,800,5237,30,1208
6/14/2019,5595,66065,128767,0,7572,622,857,4995,48,1128
6/15/2019,5997,67440,131922,0,8172,665,880,4805,40,1153
6/16/2019,5807,69497,137363,0,8005,682,875,4935,70,1155
6/17/2019,5658,68852,128007,0,7998,492,927,5028,137,1175
6/18/2019,5665,71082,126883,0,7625,597,878,5410,555,1312
6/19/2019,5978,73877,127482,0,7840,738,992,5125,57,1235
6/20/2019,6893,71893,124540,0,7998,845,987,5150,25,1382
6/21/2019,6825,64677,121662,0,8593,802,717,5102,25,1377
6/22/2019,6230,64030,131557,0,8038,668,690,4958,32,1345
6/23/2019,6763,63207,134830,0,9370,727,775,5338,30,1520
6/24/2019,5583,63378,120683,0,7827,580,777,5050,23,1573
6/25/2019,6580,65022,117645,0,11195,660,775,5048,27,1408
6/26/2019,6305,64530,107745,0,9420,625,762,4957,18,1287
6/27/2019,6563,63427,103515,0,9647,728,687,4752,28,1265
6/28/2019,6375,62673,94905,0,10528,652,657,4632,28,1548
6/29/2019,6825,66103,104785,0,11098,747,543,4917,25,1560
6/30/2019,7722,65267,101833,0,12602,758,607,4670,37,1457
7/1/2019,3648,68497,29462,0,8970,265,605,3893,22,1322
7/2/2019,8707,69897,68960,0,4408,1180,730,4418,20,1122
7/3/2019,5867,67868,93120,0,5118,610,633,4662,20,1323
7/4/2019,10855,64522,81573,0,4752,1437,570,4038,28,1142
7/5/2019,9735,61357,87548,0,5995,1103,538,4043,17,1243
7/6/2019,11102,65712,108652,0,6452,1197,613,4813,8,1452
7/7/2019,10833,66772,101837,0,5220,1302,710,4903,22,1518
7/8/2019,12093,67142,105335,0,9775,1228,680,4740,20,1290
7/9/2019,10645,70005,97627,0,8297,1168,712,4817,17,1333
7/10/2019,11278,70710,105285,0,10597,1222,652,4763,18,1322
7/11/2019,11057,60505,102127,0,10335,1173,577,4917,15,1180
7/12/2019,10682,74773,113385,0,8823,1103,612,4950,27,1102
7/13/2019,10098,125235,127407,0,9352,1090,963,5148,40,1090
7/14/2019,11053,150408,139010,0,10555,1215,1220,5357,42,1245
7/15/2019,10568,131255,170680,0,10538,1187,1155,5583,70,1167
7/16/2019,9805,120022,349978,0,9663,1093,1145,6182,113,1265
7/17/2019,10205,124498,970565,0,9378,1198,1075,6898,827,1233
7/18/2019,9415,109392,325775,0,8083,1248,980,5677,135,1128
7/19/2019,9322,71497,314298,0,8670,1040,672,5718,50,1165
7/20/2019,9325,70998,224457,0,7783,1083,673,5547,57,1120
7/21/2019,10388,69868,173578,0,9578,1193,632,5192,38,1138
7/22/2019,10393,69818,147200,0,7765,1160,802,5232,30,1065
7/23/2019,8542,75752,144115,0,8690,940,975,5537,30,1098
7/24/2019,8500,73658,141482,0,8250,1008,918,5330,25,1100
7/25/2019,8143,73993,142210,0,8713,927,975,5403,28,1093
7/26/2019,7110,70173,142372,0,7520,892,843,5313,27,1048
7/27/2019,8575,70585,140855,0,7713,1038,870,5105,40,1000
7/28/2019,9463,70522,139755,0,9383,1120,1043,5158,10,1010
7/29/2019,10095,71905,143235,0,10905,1260,1012,5550,18,2037
7/30/2019,10468,71667,144495,2,13557,1238,895,5845,15,2668
7/31/2019,9223,72957,140447,0,9948,1072,722,5178,38,1355
8/1/2019,2753,68272,141868,0,7345,148,600,5278,35,1198
8/2/2019,11207,84667,140643,0,9287,1200,757,5533,62,1320
8/3/2019,9952,77142,130827,0,8058,1145,790,5247,628,1353
8/4/2019,9693,72920,132817,0,7960,1223,733,5167,78,1312
8/5/2019,9680,73690,134112,0,8307,1067,700,5143,65,1245
8/6/2019,8860,84072,140242,0,7458,1123,727,5260,40,1272
8/7/2019,10293,84648,135688,0,10705,1228,865,5292,20,1308
8/8/2019,8812,85853,136207,0,7675,1043,850,5187,30,1298
8/9/2019,8502,84045,134788,0,7793,978,800,4882,32,1108
8/10/2019,9470,84802,139540,0,8477,1133,803,5245,25,1225
8/11/2019,9448,82317,139677,0,8370,1092,857,5020,22,1240
8/12/2019,8645,86592,136268,0,8747,988,1050,4925,37,1208
8/13/2019,9262,85845,140753,0,8572,1105,990,5265,47,1222
8/14/2019,8142,82578,139688,0,8530,932,1110,5257,48,1147
8/15/2019,9628,74097,138113,0,8348,1108,1180,5162,72,1057
8/16/2019,9353,71425,133825,0,8948,1120,980,5137,120,1060
8/17/2019,9433,73422,149177,0,9010,1027,1002,5510,365,1097
8/18/2019,9653,70588,149932,0,9932,1043,1087,5960,58,1323
8/19/2019,9767,66525,146437,0,9633,1030,933,6502,35,1462
8/20/2019,10152,83218,146685,0,9928,1000,1148,6618,35,1535
8/21/2019,9500,115462,139313,0,9630,955,1345,5998,28,1432
8/22/2019,8748,129523,143570,0,8930,870,1522,5677,37,1265
8/23/2019,7957,155488,134460,0,8655,745,1730,5247,18,1317
8/24/2019,7650,106293,133460,0,9773,678,1405,5842,27,1315
8/25/2019,7640,94913,122662,0,10597,677,1328,5835,17,1438
8/26/2019,7725,88037,78623,0,10153,690,1248,4863,15,1268
8/27/2019,8570,88187,65375,0,9292,715,1150,4520,20,1270
8/28/2019,9350,84802,70477,0,8917,912,933,4000,12,1193
8/29/2019,6918,82413,65405,0,8552,775,737,3645,7,928
8/30/2019,7368,77468,69848,0,7258,953,727,3713,2,948
8/31/2019,9145,77547,76698,0,9897,1012,767,4120,0,1060
9/1/2019,4885,77968,31055,0,10508,358,753,3785,2,1115
9/2/2019,8655,80837,33430,0,10217,965,1073,4050,0,1245
9/3/2019,7593,81070,27545,0,9042,853,840,3452,5,1023
9/4/2019,5463,78357,25575,0,7737,558,690,3185,0,938
9/5/2019,5058,77670,25063,0,8462,458,747,3160,10,1052
9/6/2019,5045,82807,66337,0,7883,465,640,3687,7,1015
9/7/2019,6292,85087,93968,0,10083,510,733,4530,2,1203
9/8/2019,6188,89352,93388,0,9258,537,847,4958,0,1303
9/9/2019,5740,79045,64143,0,9080,515,788,3990,10,1103
9/10/2019,5795,78363,49610,0,8533,565,703,3527,2,1107
9/11/2019,5437,74645,77428,0,8497,523,633,3727,7,967
9/12/2019,4490,72110,125042,0,8223,382,615,4093,3,1037
9/13/2019,4960,71040,119768,0,8570,478,667,4212,7,1102
9/14/2019,4843,70125,118910,0,8267,445,760,4810,5,1168
9/15/2019,5808,64022,122572,0,9247,503,627,5105,0,1297
9/16/2019,5177,62802,90915,0,8033,460,638,4283,2,1093
9/17/2019,5818,64253,75685,0,8317,528,645,3915,10,1042
9/18/2019,5173,61433,77067,0,7683,477,720,3907,0,1067
9/19/2019,4490,51735,91250,0,7503,425,662,3723,3,1065
9/20/2019,3857,58615,102347,0,7315,378,718,4095,13,968
9/21/2019,4700,63525,124432,0,7692,438,868,5175,63,1122
9/22/2019,4645,69735,122997,0,8538,410,978,5152,28,1293
9/23/2019,4373,57963,101128,0,6980,425,927,4330,18,1088
9/24/2019,4637,57053,101287,0,9047,512,872,4188,20,1073
9/25/2019,3208,53027,71628,0,8213,390,1005,3803,53,1062
9/26/2019,3557,56418,41645,0,9290,400,1045,3508,53,937
9/27/2019,3520,56385,44730,0,8090,428,1063,3502,52,922
9/28/2019,4307,56783,50602,0,9367,513,1105,3952,40,1127
9/29/2019,4387,60180,53463,0,10352,550,1193,4467,48,1175
9/30/2019,3977,55028,48033,0,9837,462,963,3760,35,1000
10/1/2019,1037,105283,39337,0,10182,37,845,3342,45,953
10/2/2019,2967,116782,70060,0,11037,358,783,3813,28,972
10/3/2019,67458,114512,91162,0,10272,650,837,4547,43,872
10/4/2019,60132,104135,90053,0,9905,552,802,4505,42,1065
10/5/2019,42283,102337,98260,0,10938,643,853,4777,47,1028
10/6/2019,34842,105437,100607,0,10410,562,978,5005,27,1180
10/7/2019,28728,99055,88463,0,8957,613,855,4303,17,1227
10/8/2019,24502,110072,77682,0,10605,535,890,4163,40,1170
10/9/2019,21692,109895,81220,0,9045,505,915,4025,37,1028
10/10/2019,20773,111000,80393,0,8692,543,953,3940,28,1047
10/11/2019,18467,112903,83663,0,8882,455,993,4027,45,967
10/12/2019,18460,113793,92970,0,11345,495,1052,4905,52,1508
10/13/2019,16925,114553,88907,0,9937,542,1040,4747,33,1248
10/14/2019,15067,111527,83120,0,9027,515,993,4547,33,1022
10/15/2019,15237,104008,77082,0,9442,577,973,4420,33,1088
10/16/2019,14652,95410,76028,0,10228,568,875,4413,43,1152
10/17/2019,14288,177415,81587,0,9195,510,1127,4223,30,1133
10/18/2019,13037,303492,91292,0,5832,545,1440,4098,37,925
10/19/2019,13127,316270,97197,0,7228,425,1567,4797,50,1117
10/20/2019,13558,307438,99057,0,8290,562,1560,5113,40,1285
10/21/2019,12203,273298,86058,0,6477,585,1377,4320,25,1225
10/22/2019,11408,307668,83248,0,7278,428,1308,4278,33,1122
10/23/2019,11903,280285,87257,0,6747,592,1392,4160,30,1125
10/24/2019,10555,253580,82860,0,6262,633,1350,4008,43,992
10/25/2019,11053,521562,90862,0,6468,565,1453,4072,18,903
10/26/2019,9835,583800,96913,0,6742,477,1643,4512,35,938
10/27/2019,11272,462388,94743,0,7100,652,1578,4528,25,1115
10/28/2019,9763,385472,82138,0,5722,560,1430,4153,30,990
10/29/2019,10712,413003,87000,0,6475,657,1742,4308,27,940
10/30/2019,9367,727135,131525,0,5977,477,2047,3790,12,960
10/31/2019,9455,528958,122997,0,6823,520,1370,4200,37,848
11/1/2019,10718,245787,128667,0,9088,302,1115,5963,40,1103
11/2/2019,12965,151190,146740,0,10353,688,1257,6690,47,1557
11/3/2019,13972,141402,135270,0,12535,798,1427,7048,28,1982
11/4/2019,11277,113027,130350,0,9313,577,1473,6140,27,1537
11/5/2019,11655,89372,129320,0,12260,637,1640,6150,30,1608
11/6/2019,11215,60722,134177,0,9593,777,1435,6088,27,1448
11/7/2019,13128,51133,142972,0,12032,642,1672,7755,30,1803
11/8/2019,12998,48742,149690,0,9988,638,1555,7122,32,1717
11/9/2019,12623,49813,169262,0,12952,628,1735,8187,32,2003
11/10/2019,12152,47413,180490,0,12550,692,1595,8545,35,2195
11/11/2019,13112,46975,174860,0,13418,608,1427,8460,33,2023
11/12/2019,11495,44255,156773,0,10452,695,1118,6997,38,1630
11/13/2019,8152,40212,114973,0,6795,577,953,5292,32,1138
11/14/2019,8282,41825,83613,0,7573,715,953,4940,32,1727
11/15/2019,8665,40317,71442,0,10058,1178,1135,5777,35,3172
11/16/2019,8528,44565,80330,0,10917,1177,1307,6133,28,3338
11/17/2019,9233,48815,83938,0,11577,1240,1513,7320,30,3652
11/18/2019,8607,41067,67730,0,10110,1248,1308,6505,17,3710
11/19/2019,8798,41468,62933,0,10730,1263,1320,6047,25,3285
11/20/2019,7892,42512,58298,0,10815,1197,1343,5948,48,3582
11/21/2019,8432,40627,63703,0,14598,1220,1478,7510,22,5048
11/22/2019,8593,52290,70205,0,14502,1257,1485,8097,22,5557
11/23/2019,8787,63728,77913,0,14602,1205,1615,8335,50,5405
11/24/2019,10538,63718,81843,0,16752,1495,1935,9362,30,6453
11/25/2019,11327,108772,76093,0,16128,1565,2093,9235,40,6448
11/26/2019,10955,118037,78960,0,15662,1440,1963,8815,25,5637
11/27/2019,11847,79070,85360,0,18572,1660,2072,10178,33,7413
11/28/2019,11617,74747,94450,0,18052,1253,1830,10477,45,5805
11/29/2019,16275,497668,548773,0,18563,635,5373,12587,68,4443
11/30/2019,10830,219363,420368,0,14095,730,3052,9277,118,2763
12/1/2019,5907,56482,109587,0,11120,273,1188,7593,78,2223
12/2/2019,6148,46067,120360,0,11760,73,1312,9197,42,2797
12/3/2019,3755,42098,99758,0,9765,60,953,6355,57,1955
12/4/2019,4378,40828,69210,0,8653,170,825,4902,53,1347
12/5/2019,11865,40743,76550,0,8813,1135,997,4992,45,1415
12/6/2019,10027,39852,84023,0,8938,962,917,5128,38,1368
12/7/2019,11062,39918,96738,0,9885,1063,985,5653,68,1730
12/8/2019,11053,39573,88302,0,9625,1055,1078,5955,58,1768
12/9/2019,10897,37942,78020,0,8905,1203,1010,5230,37,1572
12/10/2019,10005,38793,83125,0,9187,960,1207,5223,42,1578
12/11/2019,10323,40950,91792,0,8378,990,1058,5533,38,1488
12/12/2019,9963,39053,84945,0,9002,960,942,5083,23,1462
12/13/2019,8332,38553,80228,0,8338,757,1013,5613,30,1535
12/14/2019,8848,40453,91733,0,9830,797,1150,6370,50,1795
12/15/2019,8958,42422,87385,0,10205,862,1065,6528,42,1787
12/16/2019,7740,40007,82703,0,9735,667,950,5747,25,1770
12/17/2019,8700,39670,78870,0,9823,723,1082,5677,32,1755
12/18/2019,8520,38873,79192,0,9750,658,865,5222,32,1642
12/19/2019,7197,37583,73802,0,7760,708,865,4580,40,1273
12/20/2019,6942,38518,78313,0,7962,682,872,4640,45,1277
12/21/2019,8618,41345,90892,0,8933,755,967,5425,38,1467
12/22/2019,8763,42505,90145,0,9378,857,1048,5718,60,1488
12/23/2019,8583,40492,77352,0,9173,760,882,5638,38,1522
12/24/2019,7875,37833,79450,0,9103,690,898,5083,57,1332
12/25/2019,7863,41113,117245,0,9803,837,1110,8493,163,1822
12/26/2019,10057,50693,135705,0,13128,1003,1502,10478,73,2432
12/27/2019,8400,51278,134552,0,11643,840,1433,9473,73,2123
12/28/2019,8547,50232,135822,0,13163,898,1265,8377,60,2047
12/29/2019,9973,49467,143712,0,11967,1060,1292,7957,47,1855
12/30/2019,8593,46645,147147,0,10807,912,1223,7638,42,1742
12/31/2019,9640,43472,133137,0,13250,1008,1055,6192,58,1487
1/1/2020,2903,40097,112847,0,8765,140,702,5075,37,1252
1/2/2020,1770,44165,138100,0,6953,47,857,6582,32,1635
1/3/2020,1752,42300,131947,0,7092,58,857,6582,37,1648
1/4/2020,4002,43937,131660,0,8718,198,870,6583,43,1712
1/5/2020,3783,44192,137312,0,7568,115,865,6583,37,1645
1/6/2020,1372,37898,115680,0,6785,35,647,5407,32,1208
1/7/2020,1417,36327,103825,0,5440,32,572,4947,27,1242
1/8/2020,1428,36295,102433,0,5948,32,642,4745,30,1163
1/9/2020,3630,37612,106802,0,5593,343,738,4547,45,1108
1/10/2020,4848,38997,110500,0,6213,497,788,4517,35,1052
1/11/2020,3965,39842,131140,0,6883,367,900,5685,40,1292
1/12/2020,4528,41900,134650,0,8157,405,933,6105,42,1373
1/13/2020,4180,37212,99502,0,6133,402,860,4903,27,1095
1/14/2020,3513,37567,87633,0,6378,352,807,4397,22,967
1/15/2020,5037,36978,102893,0,5858,518,802,4363,40,973
1/16/2020,5915,38510,109068,0,6210,577,807,4627,28,958
1/17/2020,3847,38192,112167,0,6160,427,845,4465,38,928
1/18/2020,3757,40963,131770,0,7195,387,905,5223,13,1165
1/19/2020,3898,39787,133400,0,7158,433,925,5737,32,1238
1/20/2020,3643,39233,136153,0,7123,367,937,5782,23,1305
1/21/2020,3322,35868,117342,0,5808,353,747,4610,28,1022
1/22/2020,2757,38403,80527,0,6112,262,778,3847,23,900
1/23/2020,3103,37037,121053,0,5290,335,777,4192,20,955
1/24/2020,3202,37738,123737,0,5437,300,778,4323,20,848
1/25/2020,3973,39538,150537,0,6822,430,952,5220,47,1125
1/26/2020,3428,38575,155397,0,7685,372,943,5873,33,1453
1/27/2020,3202,35135,111590,0,7480,355,848,4433,20,1522
1/28/2020,41315,41623,108195,0,6137,523,882,4377,3,968
1/29/2020,44487,49633,121170,0,5487,433,933,4615,33,920
1/30/2020,36447,41330,117527,0,5662,392,852,4450,28,917
1/31/2020,31088,39850,59582,0,5787,368,808,4012,28,958
2/1/2020,29787,42575,157237,0,9275,205,553,4375,27,855
2/2/2020,27292,39097,175773,0,9027,418,715,6482,35,1193
2/3/2020,21217,35712,129802,0,7535,400,755,4850,25,865
2/4/2020,20885,38328,111262,0,7803,350,855,4590,30,968
2/5/2020,18855,38027,101020,0,7863,387,878,4752,18,997
2/6/2020,16988,38557,92475,0,8708,335,752,4498,23,943
2/7/2020,16733,39927,93862,0,9758,375,835,4537,25,1030
2/8/2020,16617,41312,108315,0,10550,352,918,5077,35,1167
2/9/2020,16407,41448,110493,0,10700,407,980,5543,35,1265
2/10/2020,14498,38273,90742,0,9790,357,900,4712,18,1138
2/11/2020,13227,40287,88448,0,10397,467,890,4247,27,1215
2/12/2020,11643,40242,93772,0,10990,318,815,4477,35,1305
2/13/2020,10868,40127,94753,0,9537,270,848,4080,25,1217
2/14/2020,14302,39597,93340,0,9468,288,688,3957,40,1047
2/15/2020,12102,42830,102468,0,9838,337,795,4567,27,1087
2/16/2020,12743,43572,114402,0,10368,383,955,5160,30,1285
2/17/2020,15460,44152,105078,0,10512,435,940,5485,35,1325
2/18/2020,10900,41288,94202,0,9052,390,888,4687,23,1025
2/19/2020,9823,41055,87680,0,9040,438,887,4418,33,1002
2/20/2020,9967,46378,97487,0,8900,470,885,4373,22,1047
2/21/2020,9137,42080,102528,0,8837,405,968,4522,40,1028
2/22/2020,9640,42627,113747,0,8767,418,933,4885,33,1063
2/23/2020,9763,43708,119272,0,9393,452,937,5363,35,1145
2/24/2020,8582,40583,102220,0,7988,363,818,4728,20,997
2/25/2020,8225,41458,101275,0,8268,440,872,4170,23,983
2/26/2020,7887,42217,101437,0,7993,328,820,4338,23,1080
2/27/2020,8425,42920,111682,0,7650,425,815,4608,40,1025
2/28/2020,7277,41157,108725,0,7008,375,838,4355,35,870
2/29/2020,8435,44050,120843,0,7745,432,930,4800,28,1090
3/1/2020,7012,44045,128250,0,8657,208,858,5130,25,1175
3/2/2020,6878,39860,120025,0,7498,323,863,4712,32,922
3/3/2020,6068,39128,99605,0,7150,283,830,4215,30,868
3/4/2020,6002,38640,93285,0,6895,298,790,4113,33,988
3/5/2020,6377,39123,107423,0,6757,372,778,4270,37,847
3/6/2020,6485,38677,114792,0,7865,320,770,4277,28,950
3/7/2020,6957,35443,125330,0,7937,337,847,4617,33,1017
3/8/2020,6670,34107,143917,0,7557,328,870,5303,23,1215
3/9/2020,5627,31347,113762,0,6795,268,817,4925,18,958
3/10/2020,5612,32012,161355,0,7307,280,903,5992,35,1080
3/11/2020,6018,31585,110682,0,7127,365,775,4403,25,957
3/12/2020,5233,28463,108518,0,6650,267,742,4208,35,867
3/13/2020,4727,27050,105785,0,5898,247,653,3915,20,718
3/14/2020,5018,29312,136805,0,7075,268,708,4580,32,883
3/15/2020,7812,29253,142133,0,8617,308,830,5487,20,1300
3/16/2020,5622,25542,123627,0,7265,320,732,4823,13,928
3/17/2020,6562,24692,117125,0,7943,335,815,4947,10,1235
3/18/2020,6053,24247,119207,0,7370,380,837,4933,15,1102
3/19/2020,6148,24043,120163,0,8932,317,812,5265,20,1225
3/20/2020,6248,24378,122102,0,6412,345,917,5287,22,1355
3/21/2020,6912,25967,129812,0,7547,420,1037,5657,20,1565
3/22/2020,8672,25788,133743,0,7893,667,1108,6190,8,1725
3/23/2020,6942,23778,134483,0,6845,538,1043,5552,12,1507
3/24/2020,5850,24753,128680,0,8153,480,1102,5737,28,1393
3/25/2020,6822,26892,129390,0,12782,493,1108,5822,30,1587
3/26/2020,8545,27318,121125,0,14567,647,1183,6097,25,1707
3/27/2020,8995,29522,55890,0,17537,785,1415,6272,17,2015
3/28/2020,9293,29998,152687,0,17958,822,1467,8005,20,2213
3/29/2020,9075,29482,174620,0,19823,760,1330,8227,8,2222
3/30/2020,8183,28177,163547,0,20207,722,1348,7407,18,1915
3/31/2020,6893,28565,160315,0,17017,625,1340,7590,32,1995
4/1/2020,3837,26905,285910,0,17300,85,1148,7360,33,1973
4/2/2020,9817,28695,115243,0,15098,947,1590,7330,22,1995
4/3/2020,9557,29150,86340,0,17253,965,1598,7338,22,2165
4/4/2020,10110,30460,83673,0,16582,1097,1710,7435,25,2347
4/5/2020,11930,29637,84293,0,14670,1405,1770,7390,20,2298
4/6/2020,12848,28297,87050,0,11732,1337,1605,7160,17,1898
4/7/2020,10363,27900,88942,0,12490,1105,1430,7085,25,2152
4/8/2020,13280,28690,94018,0,12100,1642,1458,7383,37,2148
4/9/2020,10593,29707,93453,0,15825,1138,1602,7577,23,2065
4/10/2020,11330,31262,96147,0,15968,1207,1547,7850,25,2148
4/11/2020,11942,30178,95910,0,14790,1365,1587,8463,22,2093
4/12/2020,10593,29372,95545,0,13927,1140,1725,7948,17,2098
4/13/2020,11688,29465,97002,0,15053,1488,1703,8145,15,2085
4/14/2020,11657,31755,98158,0,16917,1353,1797,8715,32,2295
4/15/2020,11390,33915,112770,0,17515,1505,1933,10363,45,2627
4/16/2020,9245,34693,130815,0,21920,1125,1920,11315,50,2930
4/17/2020,12547,37127,152580,0,23922,1398,2577,13757,57,4335
4/18/2020,13322,37617,1255685,0,26532,1518,2970,13778,47,4410
4/19/2020,12760,34645,321335,0,25557,1450,2282,12323,27,3733
4/20/2020,10267,32672,614402,0,22618,1157,2622,10945,28,3017
4/21/2020,12758,33777,676585,0,24662,1573,2993,11463,57,3247
4/22/2020,7683,33238,142613,0,25255,830,1877,11292,38,3212
4/23/2020,6310,31472,133902,0,20730,655,1930,11318,37,3177
4/24/2020,5443,30750,115362,0,18290,507,1710,10343,30,3050
4/25/2020,4705,29053,97207,0,12085,480,1652,9525,43,2697
4/26/2020,4858,28330,95630,0,11688,468,1685,9633,38,2883
4/27/2020,4808,27430,95688,0,12617,518,1583,9347,32,2700
4/28/2020,3980,27542,94425,0,10500,427,1562,9145,40,2647
4/29/2020,4220,28413,89680,0,9983,452,1565,9040,48,2550
4/30/2020,4953,29287,85560,0,9925,603,1555,8905,52,2273
5/1/2020,3125,28722,130613,0,12573,217,1338,9255,47,2410
5/2/2020,2378,29375,135732,0,16883,190,1442,9657,33,3928
5/3/2020,2227,67675,136612,0,15253,152,1648,9683,20,3002
5/4/2020,1927,57145,139140,0,13815,162,1408,9487,25,2422
5/5/2020,2778,46390,129833,0,13017,395,1028,9020,33,2392
5/6/2020,4855,82950,128680,0,13687,733,772,8792,47,2423
5/7/2020,4810,81865,133788,0,12280,742,698,8465,38,2248
5/8/2020,4817,91037,135707,0,12750,685,770,8693,43,2212
5/9/2020,4897,89225,131678,0,13273,743,738,8248,42,2208
5/10/2020,4582,77227,125225,0,13232,787,655,7945,33,2095
5/11/2020,3775,29245,126183,0,13557,657,398,8223,25,2167
5/12/2020,5443,25033,132560,2,13568,988,400,8748,70,2178
5/13/2020,9633,24928,130828,0,13590,1740,440,8338,47,2115
5/14/2020,9817,24697,129348,0,13165,1650,440,8390,40,1963
5/15/2020,9663,23898,128592,0,12088,1618,420,8133,77,1858
5/16/2020,9103,23320,127663,0,12928,1627,398,8092,57,1808
5/17/2020,9270,22632,133470,0,12520,1715,425,8335,35,1882
5/18/2020,8950,22947,132525,0,12090,1588,395,8113,23,1863
5/19/2020,10615,23525,137030,0,12542,1852,390,8455,42,2137
5/20/2020,10215,23860,144480,0,12267,1747,375,8852,37,2125
5/21/2020,11118,23912,139412,0,8172,1855,408,8560,43,1963
5/22/2020,8797,23533,137330,0,8163,1543,383,8143,42,1890
5/23/2020,8988,22788,129475,0,8557,1478,365,7715,52,1803
5/24/2020,10223,21850,127053,0,8065,1617,342,7232,35,1787
5/25/2020,10215,22283,131818,0,8905,1445,395,7607,18,1878
5/26/2020,9032,22385,129562,0,9162,1395,343,7520,47,1967
5/27/2020,8195,23887,136790,0,8128,1337,362,7620,35,1773
5/28/2020,9437,23105,134007,0,7740,1575,347,7303,52,1730
5/29/2020,7950,22888,147677,0,7830,1292,318,7227,67,1653
5/30/2020,8548,21380,338862,0,7550,1367,420,6903,37,1557
5/31/2020,7487,20047,325662,0,7242,1305,388,6570,28,1377
6/1/2020,3543,20045,125518,0,8228,628,198,6242,23,1418
6/2/2020,2867,20645,250520,0,7315,518,303,6607,38,1260
6/3/2020,4207,21755,446640,0,7362,683,290,7773,53,1488
6/4/2020,3080,22425,274367,0,7707,572,327,6655,50,1257
6/5/2020,2923,22305,253815,0,9383,532,277,6665,38,1480
6/6/2020,2690,21260,115702,0,8608,487,302,6320,35,1273
6/7/2020,2747,20607,120287,0,8635,535,250,6050,35,1270
6/8/2020,2483,20025,118452,0,7483,512,237,6035,27,1232
6/9/2020,5255,22382,119230,0,6973,893,302,6332,38,1358
6/10/2020,7962,22880,124213,0,7617,1352,378,7025,35,1387
6/11/2020,7572,27028,379043,0,8035,1257,380,6617,45,1402
6/12/2020,7630,23633,119002,0,7645,1302,320,6432,28,1345
6/13/2020,7580,22158,126178,0,7585,1277,267,6162,38,1287
6/14/2020,8807,21517,123372,0,7813,1320,313,6645,33,1310
6/15/2020,9960,22195,128823,0,7567,1478,382,6670,32,1423
6/16/2020,9600,22995,149278,0,7628,1540,332,6578,38,1375
6/17/2020,13077,23563,143338,0,7723,1695,382,6780,42,1402
6/18/2020,11557,23463,151263,0,7283,1500,355,6623,48,1250
6/19/2020,2780,22443,151753,0,8517,512,250,6058,47,1057
6/20/2020,6968,21035,183345,0,8588,987,255,6310,48,1113
6/21/2020,12845,20508,168160,0,8675,1568,297,6087,27,1048
6/22/2020,13488,22753,174873,0,8350,1930,385,6395,15,1152
6/23/2020,10963,26933,175527,0,8655,1837,333,6900,42,1230
6/24/2020,11405,25382,173752,0,8223,1707,362,6598,57,1290
6/25/2020,10200,24395,179247,0,8008,1385,302,6682,48,1180
6/26/2020,10335,23808,902973,0,8535,1518,603,6487,50,1117
6/27/2020,9720,23183,155438,0,9332,1463,328,6167,65,1422
6/28/2020,10423,22522,124752,0,8953,1563,293,6090,55,1182
6/29/2020,11485,22802,78032,0,8612,1578,322,5780,28,1315
6/30/2020,13213,23873,116405,0,8162,1887,340,6107,47,1352
7/1/2020,7875,24368,141000,0,9693,1082,270,6630,42,1167
7/2/2020,12787,23975,126292,0,8643,1823,353,6230,45,1150
7/3/2020,9955,23252,125067,0,10188,1455,335,6218,67,1400
7/4/2020,9268,20405,108283,0,9645,1280,300,5485,42,1083
7/5/2020,9875,20263,106307,0,9998,1385,287,5333,22,1038
7/6/2020,10478,22162,134022,0,9582,1548,337,6380,30,1225
7/7/2020,5037,22772,140667,0,6185,757,287,5780,45,1163
7/8/2020,6223,23970,138555,0,8453,973,317,6650,45,2110
7/9/2020,11610,24377,114658,0,7330,1698,403,5823,45,1173
7/10/2020,10068,24885,120377,0,6985,1653,283,5465,42,1063
7/11/2020,10255,23135,120952,0,7345,1585,263,5372,47,1177
7/12/2020,10255,21148,111148,0,7578,1727,255,5468,30,1148
7/13/2020,11738,21223,114452,0,7312,1900,273,5512,18,1018
7/14/2020,10420,21880,114985,0,7692,1822,272,5453,33,1142
7/15/2020,131407,29837,126725,0,7490,2090,288,6000,37,1103
7/16/2020,108648,29907,136863,0,7603,2175,293,6317,37,1172
7/17/2020,67302,26872,118672,0,7020,1723,283,5802,47,1085
7/18/2020,53238,24722,111703,0,7847,1715,262,5508,33,1193
7/19/2020,46853,23382,126225,0,8072,1735,268,5678,23,1115
7/20/2020,43220,24383,127455,0,7347,2067,305,5825,15,1042
7/21/2020,39517,24728,126800,0,7573,1837,323,6132,40,1152
7/22/2020,35695,24638,130118,0,8343,1923,292,6732,38,1092
7/23/2020,34727,23327,252600,0,8198,1875,337,6768,52,1185
7/24/2020,30808,23513,399250,0,7930,1775,392,6702,28,1102
7/25/2020,28865,21918,126267,0,8082,1760,277,5982,33,1173
7/26/2020,29823,21890,128532,0,9817,1830,258,5790,23,1317
7/27/2020,27953,22070,133935,0,9267,1892,313,5768,22,1090
7/28/2020,26937,21970,139058,0,8773,1808,272,5905,25,1245
7/29/2020,29697,22752,147162,0,8670,1705,327,6307,42,1210
7/30/2020,24208,22473,149693,0,7928,1655,280,6197,30,1140
7/31/2020,23492,21793,150103,0,8838,1597,263,5820,43,1205
8/1/2020,17235,22233,137320,0,11420,1105,285,5432,25,1990
8/2/2020,21260,22145,148007,0,9990,1545,252,5775,20,1538
8/3/2020,22623,21447,138568,0,7817,1875,282,5550,22,1298
8/4/2020,20533,21937,130927,0,5875,1708,277,5957,25,1492
8/5/2020,20362,23342,133108,0,7138,1750,268,5557,38,1387
8/6/2020,18132,23287,162090,0,9648,1597,278,5698,33,1383
8/7/2020,19628,22810,158835,0,10737,1642,272,5688,43,1515
8/8/2020,18590,23225,145867,0,10877,1705,242,5720,28,1380
8/9/2020,18947,22390,144627,0,11848,1798,293,5608,33,1388
8/10/2020,17102,21843,139787,0,10537,1730,228,5470,17,1363
8/11/2020,17260,22413,137135,0,11172,1730,288,5350,32,1348
8/12/2020,17488,22855,131648,0,10787,1808,325,5462,27,1457
8/13/2020,17803,22492,136842,0,11645,1673,253,5345,20,1415
8/14/2020,17848,20762,143372,0,9978,1590,260,5723,33,1705
8/15/2020,16307,20850,164047,0,9162,1470,252,5928,25,1690
8/16/2020,16442,21012,160748,0,9968,1530,285,6215,27,1738
8/17/2020,14343,20280,157493,0,8267,1428,238,5675,28,1583
8/18/2020,14532,21157,140685,0,7885,1422,255,5258,25,1578
8/19/2020,16882,20757,145635,0,7860,1803,238,5603,20,1438
8/20/2020,15833,21132,152107,0,7223,1588,238,5277,50,1407
8/21/2020,14410,20240,140157,0,7232,1522,255,5385,45,1385
8/22/2020,16123,20722,154557,0,8350,1682,262,5457,35,1642
8/23/2020,18220,20590,145465,0,9073,1912,265,6057,22,1703
8/24/2020,15380,19537,137595,0,7905,1718,217,5403,27,1397
8/25/2020,15022,19652,129713,0,7258,1678,242,4768,37,1205
8/26/2020,13648,19812,132888,0,7268,1512,245,5013,28,1270
8/27/2020,15045,20617,135725,0,7150,1698,228,5118,13,1308
8/28/2020,10142,20480,130035,0,6918,1065,210,4860,33,1160
8/29/2020,5622,20672,136743,0,11787,440,143,4878,27,1322
8/30/2020,6243,19838,148742,0,10182,508,143,5245,20,1393
8/31/2020,5672,20787,141685,0,8647,448,162,5063,12,1125
9/1/2020,5685,22117,97010,0,8972,435,188,4778,27,1148
9/2/2020,5615,21190,103800,0,8735,468,170,5315,23,1245
9/3/2020,6423,20607,98945,0,7690,507,163,5465,17,1325
9/4/2020,11420,20245,91035,0,8475,1163,198,5233,27,1485
9/5/2020,15980,19833,95273,0,8353,1763,262,5022,38,1410
9/6/2020,15238,19402,89517,0,8963,1608,248,5090,23,1402
9/7/2020,14162,19577,90087,0,8718,1492,255,5435,30,1477
9/8/2020,13927,19783,85923,0,8325,1582,258,4725,27,1305
9/9/2020,13940,20358,86875,0,7852,1542,248,4725,27,1233
9/10/2020,12917,19743,84160,0,7672,1507,258,4715,25,1395
9/11/2020,13333,20258,82662,0,7398,1400,245,4855,18,1350
9/12/2020,12530,20330,91687,0,8613,1240,223,5125,37,1632
9/13/2020,13238,19308,88195,0,9035,1320,248,5523,22,1692
9/14/2020,13158,19482,80310,0,8015,1508,242,5073,15,1372
9/15/2020,13858,21500,84072,0,8130,1565,287,4843,28,1333
9/16/2020,13278,23800,80997,0,7763,1585,242,4618,28,1137
9/17/2020,12365,36008,86547,0,7692,1238,298,4523,27,1207
9/18/2020,13375,33180,90575,0,8298,1307,228,4585,15,1075
9/19/2020,13510,29150,93140,0,8885,1472,292,5030,20,1422
9/20/2020,14800,28918,94880,0,9197,1642,282,5467,22,1315
9/21/2020,15870,28633,98353,0,8565,1757,297,5358,25,1227
9/22/2020,13257,27928,96425,0,8822,1368,253,4755,28,1112
9/23/2020,11788,26117,92833,0,7473,1360,290,4687,28,1090
9/24/2020,11670,25058,85630,0,7948,1317,248,4510,22,1200
9/25/2020,12487,24603,75128,0,7460,1453,273,4238,22,1258
9/26/2020,13097,23553,77268,0,7387,1590,290,4282,27,1237
9/27/2020,15543,22703,78712,0,8640,1823,355,4745,30,1512
9/28/2020,13575,23017,76973,0,7657,1677,252,4505,23,1252
9/29/2020,13098,24478,75195,0,7990,1535,282,4442,13,1182
9/30/2020,12918,22702,82665,0,7645,1377,253,4287,17,1162
10/1/2020,7437,23235,78835,0,8530,758,217,4192,25,1177
10/2/2020,6785,21238,80212,0,8008,805,215,4215,25,1137
10/3/2020,7498,20463,85833,0,8868,943,187,4323,18,1242
10/4/2020,8613,20312,87737,0,9988,1045,217,4538,28,1483
10/5/2020,7235,19492,82765,0,8717,945,200,4662,17,1132
10/6/2020,7623,19903,85787,0,7318,1020,223,4415,12,1057
10/7/2020,7845,20000,87200,0,4987,1025,183,4378,23,1163
10/8/2020,8055,20312,86615,0,5425,1043,200,4383,23,1188
10/9/2020,8185,20220,91707,0,5262,1058,165,4352,17,1160
10/10/2020,8065,19908,92510,0,5825,1030,202,4332,18,1282
10/11/2020,8602,19460,92320,0,5837,1148,213,4858,12,1358
10/12/2020,8327,19453,92802,2,5558,1133,213,4777,23,1247
10/13/2020,7282,20055,88367,0,5873,943,172,4527,15,1088
10/14/2020,7095,22833,90883,0,5085,922,187,4355,23,1153
10/15/2020,8105,22248,91742,0,5727,1052,207,4300,17,1123
10/16/2020,7880,21000,96308,0,5640,988,190,4325,10,1108
10/17/2020,8488,20223,89818,0,6135,1083,190,4252,12,1325
10/18/2020,8937,19707,95040,0,6807,1170,213,5033,17,1487
10/19/2020,9122,19507,90873,0,6543,1203,213,4610,10,1417
10/20/2020,9100,19807,86512,0,5880,1192,202,4555,17,1193
10/21/2020,8703,19815,89877,0,5782,1198,205,4540,18,1163
10/22/2020,8345,21443,89785,0,5098,1085,215,4858,13,1028
10/23/2020,8407,22392,91743,0,5068,1092,203,4172,60,1008
10/24/2020,7995,22903,107060,0,5533,1037,195,4332,97,1077
10/25/2020,9132,21258,107285,0,6007,1182,187,4612,42,1277
10/26/2020,8138,21623,106848,0,5370,1038,205,4778,20,1090
10/27/2020,9655,23150,107143,0,5143,1302,217,4318,43,1042
10/28/2020,8500,22050,94430,0,5087,1135,175,4142,47,1020
10/29/2020,8192,21935,104250,0,5287,1025,162,4565,37,1012
10/30/2020,9570,22623,120805,3,7145,1118,195,5363,63,1372
10/31/2020,8553,21433,111633,0,10365,1085,200,4785,50,1372
11/1/2020,8853,22928,115877,0,7282,1037,197,4895,25,1312
11/2/2020,13208,24927,134775,5,6047,1633,267,5682,25,1332
11/3/2020,15062,45693,133337,0,6002,1698,372,5662,38,1422
11/4/2020,14383,28795,124495,5,5395,1658,283,4918,43,1235
11/5/2020,13043,40703,132302,0,6837,1702,317,5633,40,1572
11/6/2020,12285,73762,140117,2,6843,1572,445,5987,43,1708
11/7/2020,13120,76977,134482,0,11092,1618,472,5827,40,1455
11/8/2020,13725,81547,144743,0,10090,1728,513,6208,15,1678
11/9/2020,13692,77023,160043,0,9315,1725,462,6692,25,1788
11/10/2020,12513,80165,147473,2,8188,1723,545,5832,25,1818
11/11/2020,11245,76625,156288,7,6667,1548,423,5377,42,1517
11/12/2020,10998,75900,160560,2,6112,1597,477,5317,27,1403
11/13/2020,10898,66405,148120,2,5770,1430,427,5462,122,1583
11/14/2020,11130,73508,204625,3,6747,1460,413,6178,237,1728
11/15/2020,12065,78230,175942,3,9108,1690,512,6465,75,2723
11/16/2020,10720,66217,149763,2,8245,1583,490,6223,58,2227
11/17/2020,10087,60590,137580,0,7625,1487,448,5990,87,1953
11/18/2020,10660,54270,147702,0,7967,1728,438,6378,72,2107
11/19/2020,11070,62557,155212,2,10220,1697,562,7560,65,3060
11/20/2020,10350,72252,147335,0,9022,1715,540,8258,72,2815
11/21/2020,11482,74760,150782,0,8700,920,332,4062,28,1385
11/22/2020,12622,72717,168363,2,10232,2052,625,9807,42,3540
11/23/2020,11543,64510,147088,0,9042,1848,572,9095,40,2680
11/24/2020,11473,67352,134893,0,8285,1013,333,4738,45,1218
11/25/2020,10895,74133,140947,0,8305,1693,575,7580,77,2128
11/26/2020,11252,156997,117770,0,8240,1608,718,7607,50,1955
11/27/2020,14653,446410,206392,0,13525,920,918,5263,12,1537
11/28/2020,12558,294730,165543,0,10088,1735,977,8833,82,2120
11/29/2020,11088,231053,136630,0,7908,1432,663,7092,47,1738
11/30/2020,10437,213127,191558,0,9792,1488,632,8313,57,2083
12/1/2020,7367,215892,144070,0,7887,1073,527,6373,88,1687
12/2/2020,5228,219748,115208,2,5552,758,545,5158,52,1082
12/3/2020,5443,205700,97525,0,6707,738,595,5390,82,1488
12/4/2020,3912,203853,100198,0,6848,555,463,5317,73,1480
12/5/2020,4403,219108,111003,0,14617,627,605,6427,65,3573
12/6/2020,4680,222875,100933,0,12593,645,578,5823,45,2947
12/7/2020,4080,200083,94952,2,7375,590,498,5248,50,1617
12/8/2020,3947,202075,94445,0,6897,573,500,5283,92,1390
12/9/2020,4270,205620,96568,0,7278,627,517,5450,73,1472
12/10/2020,4113,194800,90740,0,6940,645,508,5110,72,1443
12/11/2020,3680,176362,92373,2,5860,503,462,4742,60,1190
12/12/2020,3712,195848,92140,2,6067,570,490,4828,63,1258
12/13/2020,4155,195498,97240,0,6438,645,442,5197,45,1342
12/14/2020,3473,182098,95388,2,5570,568,432,4755,52,1235
12/15/2020,3730,181207,100128,0,5395,515,417,4980,50,1148
12/16/2020,3588,177022,96837,0,5553,540,420,4817,50,1170
12/17/2020,3513,173955,96987,2,5243,560,408,4767,57,1070
12/18/2020,3428,163702,110112,0,5062,530,358,4827,58,1060
12/19/2020,4157,172890,112075,0,6058,617,393,5373,67,1310
12/20/2020,4685,173673,113585,2,7615,702,398,5998,48,1698
12/21/2020,4263,160828,115703,0,6840,600,377,5782,38,1508
12/22/2020,4053,162703,114637,0,5982,645,403,5318,45,1287
12/23/2020,3727,158472,108082,0,5458,590,393,5095,55,1185
12/24/2020,3747,158875,101813,0,4907,552,315,5072,72,1067
12/25/2020,4685,214860,126700,2,4805,865,477,7970,197,1162
12/26/2020,6130,228645,180300,2,7637,1120,635,10457,83,1907
12/27/2020,5480,227255,164835,0,7263,957,588,9238,93,1890
12/28/2020,4740,203762,146375,0,6743,863,518,7855,65,1670
12/29/2020,4105,198142,135535,0,5545,707,505,7000,58,1390
12/30/2020,3938,191292,130148,0,5917,682,478,6783,88,1377
12/31/2020,3797,170903,116272,0,5725,628,405,5975,113,1303
1/1/2021,9407,181022,107883,0,6928,1157,422,5355,52,1318
1/2/2021,14145,195700,147017,0,7383,1850,555,7065,37,1563
1/3/2021,12362,193883,151288,0,7480,1568,538,6963,45,1608
1/4/2021,8437,177995,139503,3,8217,1205,470,6645,45,1763
1/5/2021,9452,170163,118035,0,7672,1295,422,6172,72,1573
1/6/2021,10657,162007,119940,2,6940,1373,473,5888,45,1343
1/7/2021,2813,162373,107447,0,6268,470,403,5067,65,1178
1/8/2021,3382,172115,113203,0,6235,548,338,5132,60,1132
1/9/2021,10628,194938,121522,2,6545,1372,460,5433,33,1267
1/10/2021,11312,204092,117143,0,6302,1620,450,5600,28,1235
1/11/2021,9108,171592,115668,0,5390,1282,440,5120,32,1108
1/12/2021,8827,169133,107680,0,4843,1253,423,4995,52,997
1/13/2021,8675,166138,107927,0,4910,1245,435,4783,35,962
1/14/2021,8582,170290,108078,2,5000,1220,383,4752,47,1045
1/15/2021,8037,168387,117505,0,5182,1153,430,4920,37,1163
1/16/2021,8572,182822,113668,0,5725,1260,445,5172,48,1238
1/17/2021,8993,179400,120223,0,5933,1317,385,5452,28,1300
1/18/2021,8608,174375,122168,0,6025,1238,400,5570,28,1407
1/19/2021,7932,158580,112588,0,5375,1085,368,5132,23,1228
1/20/2021,5082,155552,112843,0,4918,727,393,4485,43,1037
1/21/2021,5897,155268,112835,0,5175,868,418,4302,32,958
1/22/2021,8148,159722,106085,0,5665,1140,340,4692,30,1078
1/23/2021,8955,178467,116610,0,6785,1263,475,5055,37,1333
1/24/2021,10013,177953,120773,0,6362,1428,452,5570,18,1317
1/25/2021,8483,161292,111768,0,5825,1150,412,5038,25,1208
1/26/2021,8607,164088,106302,0,5683,1220,392,4865,40,1087
1/27/2021,7835,165178,101690,0,5477,1140,412,4648,27,1042
1/28/2021,7453,165797,104803,0,5333,1140,368,4435,17,1033
1/29/2021,8567,165550,98653,0,5790,1133,430,4468,20,1085
1/30/2021,9015,173295,104423,0,6448,1278,503,4847,20,1258
1/31/2021,7193,170530,132592,0,6517,1023,467,5152,25,1360
2/1/2021,7475,146270,94433,2,7412,1140,387,4995,8,1648
